time,seismic_rate,b_value,rate_n,b_n,uplift_n,unrest_index,dl_anomaly_score,dl_is_anomaly,state,threshold_baseline,threshold_attention,threshold_alert,persistence,trend,stat_alert_flag,dl_alert_flag,alert_flag
2018-03-03 01:18:56.520,0.4,0.9747774904227712,-1.1176470586262974,1.7741898658098785,0.0,-1.36385061132014,,,NORMAL,-1.36385061132014,-1.36385061132014,-1.36385061132014,0.0,0.0,0,0,0
2018-03-10 01:18:56.520,0.4,0.9747774904227712,-1.1176470586262974,1.7741898658098785,0.0,-1.36385061132014,,,NORMAL,-1.36385061132014,-1.36385061132014,-1.36385061132014,0.0,0.0,0,0,0
2018-03-17 01:18:56.520,0.4,0.9747774904227712,-1.1176470586262974,1.7741898658098785,0.0,-1.36385061132014,,,NORMAL,-1.36385061132014,-1.36385061132014,-1.36385061132014,0.0,0.0,0,0,0
2018-03-24 01:18:56.520,0.4,0.9747774904227712,-1.1176470586262974,1.7741898658098785,0.0,-1.36385061132014,,,NORMAL,-1.36385061132014,-1.36385061132014,-1.36385061132014,0.0,0.0,0,0,0
2020-04-18 01:18:56.520,0.3666666666666666,0.9747774904227712,-1.1764705880276816,1.7741898658098785,0.0,-1.4006153171960052,,,NORMAL,-1.4006153171960052,-1.4006153171960052,-1.4006153171960052,0.0,0.0,0,0,0
2020-04-25 01:18:56.520,0.3333333333333333,0.9747774904227712,-1.235294117429066,1.7741898658098785,0.0,-1.4373800230718703,,,NORMAL,-1.4189976701339377,-1.4098064936649715,-1.4042917877835916,0.0,0.0,0,0,0
2020-05-02 01:18:56.520,0.3333333333333333,0.9747774904227712,-1.235294117429066,1.7741898658098785,0.0,-1.4373800230718703,,,NORMAL,-1.4373800230718703,-1.4189976701339377,-1.4079682583711781,0.0,-0.014443277308375616,0,0,0
2020-12-12 01:18:56.520,0.3666666666666666,0.9747774904227712,-1.1764705880276816,1.7741898658098785,0.0,-1.4006153171960052,,,ELEVATED,-1.4189976701339377,-1.4006153171960052,-1.4006153171960052,0.0,-0.01050420167881874,0,0,0
2020-12-19 01:18:56.520,0.5,0.9747774904227712,-0.9411764704221454,1.7741898658098785,0.0,-1.2535564936925452,,,CRITICAL,-1.4006153171960052,-1.4006153171960052,-1.312380023093929,0.0,0.001838235293793178,0,0,0
2020-12-26 01:18:56.520,0.5333333333333333,0.9747774904227712,-0.8823529410207612,1.7741898658098785,0.0,-1.21679178781668,,,CRITICAL,-1.4006153171960052,-1.2903211995684103,-1.2351741407546126,0.0,0.01002673796614501,0,0,0
2021-01-02 01:18:56.520,0.6666666666666666,0.9747774904227712,-0.647058823415225,1.7741898658098785,0.0,-1.06973296431322,,,CRITICAL,-1.4006153171960052,-1.2351741407546126,-1.157968258415296,0.0,0.020721925130032914,0,0,0
2021-01-09 01:18:56.520,0.4666666666666667,0.9747774904227712,-0.9999999998235294,1.7741898658098785,0.0,-1.2903211995684103,,,ELEVATED,-1.3454682583822077,-1.244365317223579,-1.172674140765642,0.0,0.017611065402075167,0,0,0
2021-01-16 01:18:56.520,0.3333333333333333,0.9747774904227712,-1.235294117429066,1.7741898658098785,0.0,-1.4373800230718703,,,NORMAL,-1.4006153171960052,-1.2535564936925452,-1.1873800231159881,0.0,0.010302197800379711,0,0,0
2021-05-22 01:18:56.520,0.5666666666666667,0.9747774904227712,-0.8235294116193772,1.7741898658098785,0.0,-1.180027081940815,,,HIGH,-1.3454682583822077,-1.2259829642856463,-1.1689976701780556,0.0,0.012766645117333412,0,0,0
2021-05-29 01:18:56.520,0.5666666666666667,0.9747774904227712,-0.8235294116193772,1.7741898658098785,0.0,-1.180027081940815,,,HIGH,-1.2903211995684103,-1.1984094348787475,-1.180027081940815,0.0,0.014049369745419807,0,0,0
2021-06-05 01:18:56.520,0.5666666666666667,0.9747774904227712,-0.8235294116193772,1.7741898658098785,0.0,-1.180027081940815,,,ELEVATED,-1.2719388466304777,-1.180027081940815,-1.180027081940815,0.0,0.0145977508624758,0,0,0
2021-06-12 01:18:56.520,0.5333333333333333,0.9747774904227712,-0.8823529410207612,1.7741898658098785,0.0,-1.21679178781668,,,ELEVATED,-1.2535564936925452,-1.180027081940815,-1.180027081940815,0.0,0.013966983849899688,0,0,0
2021-12-25 01:18:56.520,0.3666666666666666,0.9747774904227712,-1.1764705880276816,1.7741898658098785,0.0,-1.4006153171960052,,,NORMAL,-1.2719388466304777,-1.1892182584097812,-1.180027081940815,0.0,0.010054331328280939,0,0,0
2022-01-01 01:18:56.520,0.4666666666666667,0.9747774904227712,-0.9999999998235294,1.7741898658098785,0.0,-1.2903211995684103,,,NORMAL,-1.2903211995684103,-1.1984094348787475,-1.180027081940815,0.0,0.008836429307006143,0,0,0
2022-01-08 01:18:56.520,0.5666666666666667,0.9747774904227712,-0.8235294116193772,1.7741898658098785,0.0,-1.180027081940815,,,ELEVATED,-1.2719388466304777,-1.180027081940815,-1.180027081940815,0.0,0.00939849623894293,0,0,0
2022-01-15 01:18:56.520,0.4,0.9747774904227712,-1.1176470586262974,1.7741898658098785,0.0,-1.36385061132014,,,NORMAL,-1.2903211995684103,-1.180027081940815,-1.180027081940815,0.0,0.007305194803905643,0,0,0
2022-01-22 01:18:56.520,0.3333333333333333,1.1126246333985954,-1.235294117429066,4.663233894174627,0.0,-2.520771533708651,,,NORMAL,-1.2903211995684103,-1.1892182584097812,-1.180027081940815,0.0,-0.008071902525083835,0,0,0
2022-01-29 01:18:56.520,0.5,1.1126246333985954,-0.9411764704221454,4.663233894174627,0.0,-2.336948004329326,,,NORMAL,-1.2903211995684103,-1.1984094348787475,-1.180027081940815,0.0,-0.017686047972093125,0,0,0
2022-02-05 01:18:56.520,0.5,1.1126246333985954,-0.9411764704221454,4.663233894174627,0.0,-2.336948004329326,,,NORMAL,-1.3270859054442752,-1.2076006113477138,-1.180027081940815,0.0,-0.024912079486569275,0,0,0
2022-02-12 01:18:56.520,0.3666666666666666,1.1126246333985954,-1.1764705880276816,4.663233894174627,0.0,-2.484006827832786,,,NORMAL,-1.36385061132014,-1.21679178781668,-1.180027081940815,0.0,-0.03166477550260977,0,0,0
2022-03-05 01:18:56.520,0.4,1.1126246333985954,-1.1176470586262974,4.663233894174627,0.0,-2.4472421219569207,,,NORMAL,-1.3822329642580726,-1.21679178781668,-1.180027081940815,0.0,-0.03638972039232987,0,0,0
2022-03-12 01:18:56.520,0.3666666666666666,1.1126246333985954,-1.1764705880276816,4.663233894174627,0.0,-2.484006827832786,,,NORMAL,-1.4006153171960052,-1.21679178781668,-1.180027081940815,0.0,-0.040142652729278604,0,0,0
2022-03-19 01:18:56.520,0.5666666666666667,1.1126246333985954,-0.8235294116193772,4.663233894174627,0.0,-2.263418592577596,,,NORMAL,-1.4006153171960052,-1.21679178781668,-1.180027081940815,0.0,-0.041220264417837583,0,0,0
2022-03-26 01:18:56.520,0.8666666666666667,1.1126246333985954,-0.2941176470069205,4.663233894174627,0.0,-1.93253623969481,,,NORMAL,-1.4006153171960052,-1.21679178781668,-1.180027081940815,0.0,-0.0395235606265326,0,0,0
2022-04-02 01:18:56.520,0.5666666666666667,1.1126246333985954,-0.8235294116193772,4.663233894174627,0.0,-2.263418592577596,,,NORMAL,-1.4006153171960052,-1.2259829642856463,-1.180027081940815,0.0,-0.04002403878493139,0,0,0
2022-04-09 01:18:56.520,0.6,1.1126246333985954,-0.7647058822179932,4.663233894174627,0.0,-2.2266538867017305,,,NORMAL,-1.4006153171960052,-1.2351741407546126,-1.180027081940815,0.0,-0.042233607750383664,0,0,0
2022-04-16 01:18:56.520,0.4666666666666667,1.1126246333985954,-0.9999999998235294,4.663233894174627,0.0,-2.3737127102051905,,,NORMAL,-1.4189976701339377,-1.244365317223579,-1.180027081940815,0.0,-0.04500804864705663,0,0,0
2022-04-30 01:18:56.520,0.3333333333333333,1.1126246333985954,-1.235294117429066,4.663233894174627,0.0,-2.520771533708651,,,NORMAL,-1.4373800230718703,-1.2351741407546126,-1.180027081940815,0.0,-0.048281929295415985,0,0,0
2022-05-14 01:18:56.520,0.3666666666666666,1.1126246333985954,-1.1764705880276816,4.663233894174627,0.0,-2.484006827832786,,,NORMAL,-1.4373800230718703,-1.2351741407546126,-1.180027081940815,0.0,-0.05080385926186719,0,0,0
2022-05-21 01:18:56.520,0.3666666666666666,1.1126246333985954,-1.1764705880276816,4.663233894174627,0.0,-2.484006827832786,,,NORMAL,-1.6849581313833402,-1.244365317223579,-1.180027081940815,0.0,-0.05308093793780149,0,0,0
2022-07-30 01:18:56.520,0.3333333333333333,1.0267009028445673,-1.235294117429066,2.862417168539096,0.0,-1.845465261595327,,,NORMAL,-1.845465261595327,-1.2535564936925452,-1.180027081940815,0.0,-0.051009900360118876,0,0,0
2022-08-06 01:18:56.520,0.3333333333333333,1.0267009028445673,-1.235294117429066,2.862417168539096,0.0,-1.845465261595327,,,NORMAL,-1.845465261595327,-1.2627476701615115,-1.180027081940815,0.0,-0.04875728981757601,0,0,0
2022-08-13 01:18:56.520,0.3666666666666666,1.0267009028445673,-1.1764705880276816,2.862417168539096,0.0,-1.808700555719462,,,ELEVATED,-1.845465261595327,-1.2719388466304777,-1.180027081940815,0.0,-0.04583236496366519,0,0,0
2022-10-22 01:18:56.520,0.4333333333333333,1.0267009028445673,-1.0588235292249135,2.862417168539096,0.0,-1.7351711439677318,,,ELEVATED,-1.8270829086573945,-1.281130023099444,-1.180027081940815,0.0,-0.04123728506048757,0,0,0
2022-10-29 01:18:56.520,0.5,1.0267009028445673,-0.9411764704221454,2.862417168539096,0.0,-1.6616417322160018,,,ELEVATED,-1.808700555719462,-1.2903211995684103,-1.180027081940815,0.0,-0.03569998310536281,0,0,0
2022-11-05 01:18:56.520,0.5666666666666667,1.0267009028445673,-0.8235294116193772,2.862417168539096,0.0,-1.5881123204642718,,,ELEVATED,-1.7719358498435969,-1.2903211995684103,-1.180027081940815,0.0,-0.028476168056087613,0,0,0
2022-11-12 01:18:56.520,0.5666666666666667,1.0267009028445673,-0.8235294116193772,2.862417168539096,0.0,-1.5881123204642718,,,ELEVATED,-1.7351711439677318,-1.2903211995684103,-1.180027081940815,0.0,-0.022543004081475134,0,0,0
2022-11-19 01:18:56.520,0.4333333333333333,1.0267009028445673,-1.0588235292249135,2.862417168539096,0.0,-1.7351711439677318,,,NORMAL,-1.7351711439677318,-1.2903211995684103,-1.180027081940815,0.0,-0.01844030666268379,0,0,0
2022-11-26 01:18:56.520,0.4333333333333333,1.0267009028445673,-1.0588235292249135,2.862417168539096,0.0,-1.7351711439677318,,,NORMAL,-1.7351711439677318,-1.2903211995684103,-1.180027081940815,0.0,-0.012430262543813549,0,0,0
2022-12-03 01:18:56.520,0.4333333333333333,1.0267009028445673,-1.0588235292249135,2.862417168539096,0.0,-1.7351711439677318,,,NORMAL,-1.7351711439677318,-1.3087035525063428,-1.180027081940815,0.0,-0.006173213280548695,0,0,0
2022-12-10 01:18:56.520,0.5333333333333333,0.9539183708162248,-0.8823529410207612,1.3370178386260585,0.0,-1.0528522776227476,,,CRITICAL,-1.7351711439677318,-1.2903211995684103,-1.180027081940815,0.0,0.004732898329336445,0,0,0
2022-12-17 01:18:56.520,0.8,0.9539183708162248,-0.4117647058096886,1.3370178386260585,0.0,-0.7587346306158274,,,CRITICAL,-1.7351711439677318,-1.2719388466304777,-1.180027081940815,0.0,0.01722640844253925,0,0,0
2022-12-24 01:18:56.520,0.7,0.9539183708162248,-0.588235294013841,1.3370178386260585,0.0,-0.8690287482434225,,,CRITICAL,-1.7351711439677318,-1.2535564936925452,-1.1579682584152957,0.0,0.027536787713392543,0,0,0
2022-12-31 01:18:56.520,0.9666666666666668,0.9539183708162248,-0.1176470588027683,1.3370178386260585,0.0,-0.5749111012365021,,,CRITICAL,-1.7351711439677318,-1.2535564936925452,-1.0663568269751256,0.0,0.040268825776626486,0,0,0
2023-01-07 01:18:56.520,0.8333333333333334,0.9539183708162248,-0.3529411764083045,1.3370178386260585,0.0,-0.7219699247399622,,,CRITICAL,-1.7351711439677318,-1.2535564936925452,-1.016087571746882,0.0,0.05249443259807874,0,0,0
2023-01-14 01:18:56.520,0.4,0.9539183708162248,-1.1176470586262974,1.3370178386260585,0.0,-1.1999111011262078,,,HIGH,-1.7351711439677318,-1.208351444471444,-1.016087571746882,0.0,0.06016499206906113,0,0,0
2023-01-21 01:18:56.520,0.4666666666666667,0.9539183708162248,-0.9999999998235294,1.3370178386260585,0.0,-1.1263816893744778,,,HIGH,-1.7351711439677318,-1.1899690915335115,-1.016087571746882,0.0,0.060258226807311265,0,0,0
2023-01-28 01:18:56.520,0.4,0.9539183708162248,-1.1176470586262974,1.3370178386260585,0.0,-1.1999111011262078,,,ELEVATED,-1.7351711439677318,-1.1949400963298595,-1.0344699246848148,0.0,0.060524408549185574,0,0,0
2023-02-04 01:18:56.520,0.4333333333333333,0.9539183708162248,-1.0588235292249135,1.3370178386260585,0.0,-1.163146395250343,,,HIGH,-1.7351711439677318,-1.180027081940815,-1.0528522776227476,0.0,0.06052187008282713,0,0,0
2023-02-11 01:18:56.520,0.5,0.9539183708162248,-0.9411764704221454,1.3370178386260585,0.0,-1.0896169834986127,,,HIGH,-1.6984064380918666,-1.180027081940815,-1.056528748210334,0.0,0.059457246231381884,0,0,0
2023-02-18 01:18:56.520,0.7666666666666667,0.9311899702069726,-0.4705882352110727,0.8606688288685054,0.0,-0.6168684578326099,,,CRITICAL,-1.6616417322160018,-1.180027081940815,-0.9057934541192867,0.0,0.06107574439057016,0,0,0
2023-02-25 01:18:56.520,0.8,0.9311899702069726,-0.4117647058096886,0.8606688288685054,0.0,-0.5801037519567449,,,CRITICAL,-1.6248770263401369,-1.180027081940815,-0.7918228659041056,0.0,0.06186348020493075,0,0,0
2023-03-04 01:18:56.520,0.8333333333333334,0.9311899702069726,-0.3529411764083045,0.8606688288685054,0.0,-0.5433390460808798,,,CRITICAL,-1.5881123204642718,-1.180027081940815,-0.7366758070903082,0.0,0.06356258545456589,0,0,0
2023-03-11 01:18:56.520,1.1,0.9311899702069726,0.1176470588027681,0.8606688288685054,0.0,-0.2492213990739594,,,CRITICAL,-1.5881123204642718,-1.167366566922961,-0.6694191912862861,0.0,0.0686758410066645,0,0,0
2023-03-18 01:18:56.520,1.1666666666666667,0.9311899702069726,0.2352941176055362,0.8606688288685054,0.0,-0.1756919873222293,,,CRITICAL,-1.5881123204642718,-1.1447640423124104,-0.6021625754822639,0.0,0.0712325604787169,0,0,0
2023-03-25 01:18:56.520,0.8666666666666667,0.9311899702069726,-0.2941176470069205,0.8606688288685054,0.0,-0.5065743402050148,,,CRITICAL,-1.4943638188301385,-1.1171905129055115,-0.5785459567406721,0.0,0.07097919417502743,0,0,0
2023-04-01 01:18:56.520,1.0666666666666669,0.9311899702069726,0.0588235294013838,0.8606688288685054,0.0,-0.2859861049498245,,,CRITICAL,-1.4006153171960052,-1.0896169834986127,-0.5685966902053776,0.0,0.07036944882813441,0,0,0
2023-04-08 01:18:56.520,1.3666666666666667,0.9311899702069726,0.5882352940138406,0.8606688288685054,0.0,0.0448962479329608,,,CRITICAL,-1.3822329642580726,-1.0620434540917139,-0.5396625754932932,0.0,0.06995131894163792,0,0,0
2023-04-15 01:18:56.520,1.1333333333333333,0.9311899702069726,0.1764705882041519,0.8606688288685054,0.0,-0.2124566931980944,,,CRITICAL,-1.36385061132014,-0.960940512933085,-0.5065743402050148,0.0,0.06698483199753705,0,0,0
2023-04-22 01:18:56.520,1.2333333333333334,0.8685889638065036,0.3529411764083043,-0.4513428661625415,0.0,0.3898418100661432,,,CRITICAL,-1.3270859054442752,-0.8414552188365236,-0.3080449284753438,0.047619047619047616,0.06689344101014214,0,0,0
2023-04-29 01:18:56.520,1.4333333333333331,0.8685889638065036,0.7058823528166087,-0.4513428661625415,0.0,0.6104300453213335,,,CRITICAL,-1.2903211995684103,-0.7587346306158274,-0.2565743402491323,0.09523809523809523,0.07135024804276144,0,0,0
2023-05-06 01:18:56.520,1.1,0.8685889638065036,0.1176470588027681,-0.4513428661625415,0.0,0.2427829865626831,,,CRITICAL,-1.2535564936925452,-0.7311611012089285,-0.2234861049608538,0.14285714285714285,0.07234241540511732,0,0,0
2023-05-13 01:18:56.520,1.1,0.8685889638065036,0.1176470588027681,-0.4513428661625415,0.0,0.2427829865626831,,,CRITICAL,-1.21679178781668,-0.6694191912862861,-0.19039786967257527,0.19047619047619047,0.07265898974986154,0,0,0
2023-05-20 01:18:56.520,1.1666666666666667,0.8685889638065036,0.2352941176055362,-0.4513428661625415,0.0,0.3163123983144131,,,CRITICAL,-1.208351444471444,-0.6076772813636436,-0.06539786969463425,0.23809523809523808,0.07304426211919751,0,0,0
2023-05-27 01:18:56.520,1.0333333333333334,0.8685889638065036,0.0,-0.4513428661625415,0.0,0.169253574810953,,,CRITICAL,-1.208351444471444,-0.5788055892766842,0.1070749113719569,0.2857142857142857,0.07207508260825289,0,0,0
2023-06-03 01:18:56.520,1.3333333333333333,0.8901242273719543,0.5294117646124563,0.0,0.0,0.3308823528827852,,,CRITICAL,-1.208351444471444,-0.5670180874475965,0.20601828068681804,0.3333333333333333,0.07184113239971825,0,0,0
2023-06-10 01:18:56.520,1.3666666666666667,0.8901242273719543,0.5882352940138406,0.0,0.0,0.3676470587586503,,,CRITICAL,-1.208351444471444,-0.5341478696119135,0.2427829865626831,0.38095238095238093,0.07099053861469998,0,0,0
2023-06-17 01:18:56.520,1.2666666666666666,0.8901242273719543,0.4117647058096882,0.0,0.0,0.2573529411310551,,,CRITICAL,-1.1999111011262078,-0.45142728139121724,0.25006796384686913,0.42857142857142855,0.06754397782228384,0,0,0
2023-06-24 01:18:56.520,1.0333333333333334,0.8901242273719543,0.0,0.0,0.0,0.0,,,HIGH,-1.1999111011262078,-0.2859861049498245,0.24861096839003188,0.42857142857142855,0.06155052415712057,0,0,0
2023-07-01 01:18:56.520,0.4333333333333333,0.8901242273719543,-1.0588235292249135,0.0,0.0,-0.6617647057655709,,,ELEVATED,-1.1899690915335115,-0.34113316376362207,0.24715397293319477,0.42857142857142855,0.05051557577446301,0,0,0
2023-07-15 01:18:56.520,0.3333333333333333,0.8901242273719543,-1.235294117429066,0.0,0.0,-0.7720588233931662,,,ELEVATED,-1.180027081940815,-0.3962802225774197,0.24569697747635755,0.42857142857142855,0.04299709959849952,0,0,0
2023-07-22 01:18:56.520,0.4333333333333333,0.8570259157370361,-1.0588235292249135,-0.6936848853993743,0.0,-0.4016328737408055,,,ELEVATED,-1.171586738595579,-0.3727211815430602,0.24423998201952032,0.42857142857142855,0.03977192991612309,0,0,0
2023-07-29 01:18:56.520,0.7666666666666667,0.8570259157370361,-0.4705882352110727,-0.6936848853993743,0.0,-0.033985814982155,,,HIGH,-1.163146395250343,-0.2859861049498245,0.2427829865626831,0.42857142857142855,0.03799913922013052,0,0,0
2023-08-05 01:18:56.520,2.6666666666666665,0.8570259157370361,2.882352940667819,-0.6936848853993743,0.0,2.0616024199421523,,,CRITICAL,-1.1447640423124104,-0.2584125755429257,0.2558959456742179,0.47619047619047616,0.0514031271678525,0,0,0
2023-08-12 01:18:56.520,3.0,0.8570259157370361,3.47058823468166,-0.6936848853993743,0.0,2.429249478700803,,,CRITICAL,-1.1263816893744778,-0.2308390461360269,0.30452050687774174,0.5238095238095238,0.0649917456234802,0,0,0
2023-08-19 01:18:56.520,3.1666666666666665,0.8393641395156745,3.76470588168858,-1.063845978484839,0.0,2.7518834179871767,,,CRITICAL,-1.1079993364365452,-0.20326551672912813,0.32651136651227364,0.5714285714285714,0.07596362747498106,0,0,0
2023-08-26 01:18:56.520,2.966666666666667,0.8393641395156745,3.411764705280276,-1.063845978484839,0.0,2.531295182731987,,,CRITICAL,-1.0896169834986127,-0.1756919873222293,0.3529411764083043,0.6190476190476191,0.08426115201917965,1,0,1
2023-09-02 01:18:56.520,1.9666666666666663,0.8393641395156745,1.6470588232387535,-1.063845978484839,0.0,1.4283540064560358,,,CRITICAL,-1.0712346305606801,-0.06941235806717358,0.37874443441239675,0.6666666666666666,0.08330838521287341,1,0,1
2023-09-09 01:18:56.520,1.5,0.8828867245275981,0.8235294116193769,-0.1516858740875557,0.0,0.571588085044944,,,CRITICAL,-1.0528522776227476,-0.0169929074910775,0.46254032005766327,0.7142857142857143,0.0759122288506307,1,0,1
2023-09-16 01:18:56.520,3.433333333333333,0.8828867245275981,4.235294116899652,-0.1516858740875557,0.0,2.703941025845116,,,CRITICAL,-0.960940512933085,0.0112240619832402,0.583240673127861,0.7619047619047619,0.08200843691261896,1,0,1
2023-09-23 01:18:56.520,3.9,0.8828867245275981,5.05882352851903,-0.1516858740875557,0.0,3.218646908107227,,,CRITICAL,-0.8690287482434225,0.0448962479329608,0.7740148375482763,0.7619047619047619,0.09299776151800204,1,0,1
2023-09-30 01:18:56.520,4.033333333333333,0.8541810899992869,5.294117646124566,-0.7533076431291027,0.0,3.5913138950012677,,,CRITICAL,-0.8205437858182943,0.13816424309145495,1.4916788478046483,0.7619047619047619,0.10493836927582105,1,0,1
2023-10-07 01:18:56.520,4.133333333333334,0.8541810899992869,5.470588234328719,-0.7533076431291027,0.0,3.701608012628863,,,CRITICAL,-0.7720588233931662,0.20601828068681804,2.0616024199421523,0.7619047619047619,0.11598807603240223,1,0,1
2023-10-14 01:18:56.520,1.9666666666666663,0.8561112292905285,1.6470588232387535,-0.7128551732926274,0.0,1.2967324545089562,,,HIGH,-0.7653967270044968,0.2427829865626831,1.9982775785935396,0.7619047619047619,0.1116621124339929,1,0,1
2023-10-21 01:18:56.520,1.2666666666666666,0.8561112292905285,0.4117647058096882,-0.7128551732926274,0.0,0.5246736311157904,,,HIGH,-0.7587346306158274,0.2427829865626831,1.9349527372449273,0.7619047619047619,0.10217436867512446,1,0,1
2023-10-28 01:18:56.520,1.1333333333333333,0.8561112292905285,0.1764705882041519,-0.7128551732926274,0.0,0.3776148076123302,,,HIGH,-0.7403522776778948,0.2537104524889621,1.871627895896319,0.7619047619047619,0.08914429119927202,1,0,1
2023-11-04 01:18:56.520,0.6333333333333333,0.8561112292905285,-0.705882352816609,-0.7128551732926274,0.0,-0.1738557805256454,,,ELEVATED,-0.7219699247399622,0.25006796384686913,1.8083030545477112,0.7142857142857143,0.07368422705851968,0,0,0
2023-11-11 01:18:56.520,0.8333333333333334,0.8561112292905285,-0.3529411764083045,-0.7128551732926274,0.0,0.0467324547295449,,,ELEVATED,-0.6918673152527666,0.2464254752047761,1.744978213199094,0.6666666666666666,0.061879368949562356,0,0,0
2023-11-18 01:18:56.520,0.6666666666666666,0.8561112292905285,-0.647058823415225,-0.7128551732926274,0.0,-0.1370910746497804,,,ELEVATED,-0.6617647057655709,0.2427829865626831,1.681653371850486,0.6190476190476191,0.0471128877169885,0,0,0
2023-11-25 01:18:56.520,0.5666666666666667,0.8561112292905285,-0.8235294116193772,-0.7128551732926274,0.0,-0.2473851922773755,,,ELEVATED,-0.6393165817990905,0.2427829865626831,1.618328530501869,0.6190476190476191,0.035755081223657025,0,0,0
2023-12-02 01:18:56.520,0.5333333333333333,0.8561112292905285,-0.8823529410207612,-0.7128551732926274,0.0,-0.2841498981532405,,,ELEVATED,-0.6168684578326099,0.2427829865626831,1.5550036891532608,0.6190476190476191,0.025964908284763333,0,0,0
2023-12-09 01:18:56.520,0.4333333333333333,0.8295512575680092,-1.0588235292249135,-1.269507462502122,0.0,-0.1856994073272752,,,ELEVATED,-0.5984861048946775,0.2427829865626831,1.491678847804653,0.6190476190476191,0.014672436191116352,0,0,0
2024-01-20 01:18:56.520,0.4666666666666667,0.8295512575680092,-0.9999999998235294,-1.269507462502122,0.0,-0.1489347014514102,,,ELEVATED,-0.5433390460808798,0.2427829865626831,1.681653371850486,0.6190476190476191,0.003807804199400401,0,0,0
2024-01-27 01:18:56.520,0.6333333333333333,0.8295512575680092,-0.705882352816609,-1.269507462502122,0.0,0.034888827927915,,,ELEVATED,-0.5065743402050148,0.2427829865626831,1.681653371850486,0.6190476190476191,-0.005189479740628722,0,0,0
2024-02-03 01:18:56.520,0.7333333333333333,0.8295512575680092,-0.5294117646124569,-1.269507462502122,0.0,0.1451829455555101,,,ELEVATED,-0.4016328737408055,0.2427829865626831,1.681653371850486,0.6190476190476191,-0.014364171239419587,0,0,0
2024-02-10 01:18:56.520,0.7333333333333333,0.8295512575680092,-0.5294117646124569,-1.269507462502122,0.0,0.1451829455555101,,,ELEVATED,-0.2859861049498245,0.2427829865626831,1.681653371850486,0.6190476190476191,-0.022413471552729332,0,0,0
2024-02-17 01:18:56.520,0.8,0.8856871717554508,-0.4117647058096886,-0.0929932152067163,0.0,-0.2224804854285367,,,ELEVATED,-0.2841498981532405,0.2427829865626831,1.681653371850486,0.5714285714285714,-0.0324986194303841,0,0,0
2024-02-24 01:18:56.520,1.1333333333333333,0.8856871717554508,0.1764705882041519,-0.0929932152067163,0.0,0.1451665733301136,,,ELEVATED,-0.26668564861359995,0.2427829865626831,1.618328530501869,0.5714285714285714,-0.040709929233307,0,0,0
2024-03-02 01:18:56.520,1.3,0.8856871717554508,0.4705882352110724,-0.0929932152067163,0.0,0.3289901027094389,,,HIGH,-0.2492213990739594,0.25006796384686913,1.5550036891532608,0.5714285714285714,-0.04946021258182733,0,0,0
2024-03-09 01:18:56.520,1.3333333333333333,0.8856871717554508,0.5294117646124563,-0.0929932152067163,0.0,0.3657548085853038,,,HIGH,-0.2473851922773755,0.28683266972273413,1.5550036891532608,0.5714285714285714,-0.06268357927044807,0,0,0
2024-03-16 01:18:56.520,1.2666666666666666,0.8856871717554508,0.4117647058096882,-0.0929932152067163,0.0,0.2922253968335737,,,ELEVATED,-0.2224804854285367,0.3042688975739934,1.5550036891532608,0.5714285714285714,-0.07759916166895926,0,0,0
2024-03-23 01:18:56.520,1.7,0.8856871717554508,1.1764705880276811,-0.0929932152067163,0.0,0.7701665732198193,,,HIGH,-0.2124566931980944,0.322651250511926,1.5550036891532608,0.5714285714285714,-0.08735013225123667,0,0,0
2024-03-30 01:18:56.520,2.1333333333333333,0.9198476496253194,1.9411764702456744,0.6229528861451172,0.0,0.9796279615991276,,,HIGH,-0.1856994073272752,0.3299362277961121,1.5550036891532608,0.5714285714285714,-0.09373562114483848,0,0,0
2024-04-06 01:18:56.520,3.4,0.9198476496253194,4.176470587498269,0.6229528861451172,0.0,2.3766867848819992,,,CRITICAL,-0.1756919873222293,0.34831858073404454,2.1246192929301224,0.5714285714285714,-0.07710649077154501,0,0,0
2024-04-13 01:18:56.520,4.9,0.9198476496253194,6.823529410560553,0.6229528861451172,0.0,4.031098549295927,,,CRITICAL,-0.1738557805256454,0.36670093367197704,2.3871993236457603,0.5714285714285714,-0.047408432420578,0,0,0
2024-04-20 01:18:56.520,5.5,0.8253140688125858,7.8823529397854655,-1.358311804809434,0.0,5.435837514169454,,,CRITICAL,-0.1489347014514102,0.37263093318549023,2.4496586195070402,0.5714285714285714,-0.007135205224667822,0,0,0
2024-04-27 01:18:56.520,5.466666666666667,0.8082025119688323,7.823529410384082,-1.716941226125335,0.0,5.533558841287052,,,CRITICAL,-0.1430128880505953,0.38067155822578347,2.5485597670433013,0.5714285714285714,0.031052988601083308,0,0,0
2024-05-04 01:18:56.520,4.666666666666667,0.8133430226456659,6.411764704750865,-1.6092047772367566,0.0,4.610804731933074,,,CRITICAL,-0.0855384448159677,0.423549765328555,2.708735265059323,0.6190476190476191,0.05434561558524822,1,0,1
2024-05-11 01:18:56.520,5.666666666666667,0.8133430226456659,8.176470586792387,-1.6092047772367566,0.0,5.713745908209026,,,CRITICAL,-0.033985814982155,0.5246736311157904,2.7518834179871767,0.6666666666666666,0.07742926572787905,1,0,1
2024-05-18 01:18:56.520,4.666666666666667,0.8432902561228193,6.411764704750865,-0.9815611846641598,0.0,4.37543838471835,,,CRITICAL,0.0,0.571588085044944,3.218646908107227,0.7142857142857143,0.10429661049503668,1,0,1
2024-05-25 01:18:56.520,4.433333333333334,0.8420671633849314,5.999999998941176,-1.0071951491718685,0.0,4.127698180277686,,,CRITICAL,0.034888827927915,0.6104300453213335,3.5913138950012677,0.7619047619047619,0.132371613038301,1,0,1
2024-06-01 01:18:56.520,3.7,0.8420671633849314,4.705882352110726,-1.0071951491718685,0.0,3.318874651008654,,,HIGH,0.0398925379304379,0.7302324412451978,3.564069970602008,0.8095238095238095,0.15739404421350578,1,0,1
2024-06-08 01:18:56.520,1.9,0.8424104710797237,1.5294117644359857,-0.9999999979041684,0.0,1.330882351986554,,,HIGH,0.0448962479329608,0.8748972674094735,3.5368260462027443,0.8571428571428571,0.17047258650390523,1,0,1
2024-06-15 01:18:56.520,1.8,0.8424104710797237,1.3529411762318335,-0.9999999979041684,0.0,1.2205882343589591,,,HIGH,0.04581435133125285,1.0398680297890854,3.5095821218034846,0.9047619047619048,0.16730903304533182,1,0,1
2024-06-22 01:18:56.520,1.9666666666666663,0.8424104710797237,1.6470588232387535,-0.9999999979041684,0.0,1.4044117637382842,,,HIGH,0.0467324547295449,1.2205882343589591,3.4823381974042245,0.9523809523809523,0.16004077375074335,1,0,1
2024-06-29 01:18:56.520,1.9333333333333331,0.8920841851436193,1.5882352938373698,0.0410774149818178,0.0,0.9772430280301744,,,ELEVATED,0.09594951402982925,1.1603481661690012,3.4550942730049607,0.9523809523809523,0.14861095869878282,0,0,0
2024-07-06 01:18:56.520,1.7333333333333334,0.8920841851436193,1.2352941174290657,0.0410774149818178,0.0,0.7566547927749842,,,ELEVATED,0.1451665733301136,1.1001080979790434,3.427850348605701,0.9523809523809523,0.1316879504331374,0,0,0
2024-07-13 01:18:56.520,1.6333333333333333,0.8920841851436193,1.058823529224913,0.0410774149818178,0.0,0.6463606751473889,,,ELEVATED,0.14517475944281183,1.0398680297890854,3.4006064242064373,1.0,0.11516064511189897,0,0,0
2024-07-20 01:18:56.520,1.3333333333333333,0.8920841851436193,0.5294117646124563,0.0410774149818178,0.0,0.3154783222646035,,,ELEVATED,0.1451829455555101,0.9796279615991276,3.3733624998071776,1.0,0.09496406858149582,0,0,0
2024-07-27 01:18:56.520,1.1666666666666667,0.8920841851436193,0.2352941176055362,0.0410774149818178,0.0,0.1316547928852784,,,NORMAL,0.14517475944281183,0.9790317282068892,3.346118575407918,0.9523809523809523,0.07261951901610164,0,0,0
2024-08-03 01:18:56.520,1.9333333333333331,0.9182656289808792,1.5882352938373698,0.5897963970304215,0.0,0.7714734097619481,,,ELEVATED,0.1451829455555101,0.9790317282068892,3.346118575407918,0.9523809523809523,0.053980632195300624,0,0,0
2024-08-10 01:18:56.520,2.3,0.9182656289808792,2.2352941172525944,0.5897963970304215,0.0,1.1758851743964636,,,HIGH,0.15721826018323154,1.1268208711971295,3.346118575407918,0.9523809523809523,0.03816013464572886,1,0,1
2024-08-17 01:18:56.520,2.0,0.9182656289808792,1.705882352640138,0.5897963970304215,0.0,0.8450028215136782,,,ELEVATED,0.20601828068681804,1.1268208711971295,3.346118575407918,0.9523809523809523,0.01985264009618015,0,0,0
2024-08-24 01:18:56.520,2.066666666666667,0.9182656289808792,1.8235294114429064,0.5897963970304215,0.0,0.9185322332654084,,,ELEVATED,0.2427829865626831,1.0777565679977956,3.318874651008654,0.9523809523809523,0.0028450359372051773,0,0,0
2024-08-31 01:18:56.520,1.7,0.9182656289808792,1.1764705880276811,0.5897963970304215,0.0,0.5141204686308927,,,ELEVATED,0.2427829865626831,1.0286922647984615,3.308851876718512,0.9523809523809523,-0.016404194548492932,0,0,0
2024-09-07 01:18:56.520,0.5333333333333333,0.9211153779192546,-0.8823529410207612,0.6495223367562539,0.0,-0.795041464421571,,,NORMAL,0.2427829865626831,0.9796279615991276,3.2988291024283685,0.9047619047619048,-0.04426378568039174,0,0,0
2024-09-14 01:18:56.520,0.4666666666666667,0.9211153779192546,-0.9999999998235294,0.6495223367562539,0.0,-0.8685708761733011,,,NORMAL,0.20601828068681804,0.9790317282068892,3.2888063281382265,0.8571428571428571,-0.07471502764240212,0,0,0
2024-09-21 01:18:56.520,0.5333333333333333,0.9211153779192546,-0.8823529410207612,0.6495223367562539,0.0,-0.795041464421571,,,NORMAL,0.169253574810953,0.978435494814651,3.278783553848084,0.8095238095238095,-0.10186891864917157,0,0,0
2024-09-28 01:18:56.520,0.5,0.9211153779192546,-0.9411764704221454,0.6495223367562539,0.0,-0.8318061702974361,,,NORMAL,0.15721826018323154,0.9778392614224127,3.2687607795579403,0.7619047619047619,-0.12757391777254565,0,0,0
2024-10-05 01:18:56.520,0.5333333333333333,0.9211153779192546,-0.8823529410207612,0.6495223367562539,0.0,-0.795041464421571,,,NORMAL,0.1451829455555101,0.9772430280301744,3.2587380052677983,0.7142857142857143,-0.15227169222438122,0,0,0
2024-10-12 01:18:56.520,0.5333333333333333,0.9211153779192546,-0.8823529410207612,0.6495223367562539,0.0,-0.795041464421571,,,NORMAL,0.1451829455555101,0.9625653293389829,3.2487152309776546,0.6666666666666666,-0.17696008274257707,0,0,0
2024-10-19 01:18:56.520,0.7333333333333333,0.9211153779192546,-0.5294117646124569,0.6495223367562539,0.0,-0.5744532291663808,,,NORMAL,0.1451829455555101,0.9478876306477915,3.2386924566875126,0.6190476190476191,-0.19644541007659402,0,0,0
2024-10-26 01:18:56.520,0.7333333333333333,0.901854073058668,-0.5294117646124569,0.2458378164630057,0.0,-0.4230715340564127,,,NORMAL,0.1451829455555101,0.9478876306477915,3.2386924566875126,0.5714285714285714,-0.21291124646451084,0,0,0
2024-11-02 01:18:56.520,0.8,0.901854073058668,-0.4117647058096886,0.2458378164630057,0.0,-0.3495421223046825,,,NORMAL,0.1451829455555101,0.9478876306477915,3.2386924566875126,0.5238095238095238,-0.218643695654679,0,0,0
2024-11-09 01:18:56.520,0.8,0.901854073058668,-0.4117647058096886,0.2458378164630057,0.0,-0.3495421223046825,,,NORMAL,0.1451829455555101,0.9478876306477915,3.2386924566875126,0.47619047619047616,-0.21175340346304408,0,0,0
2024-11-16 01:18:56.520,0.7,0.901854073058668,-0.588235294013841,0.2458378164630057,0.0,-0.4598362399322777,,,NORMAL,0.1451829455555101,0.9478876306477915,3.2386924566875126,0.42857142857142855,-0.19393771419842118,0,0,0
2024-11-23 01:18:56.520,1.1666666666666667,0.901854073058668,0.2352941176055362,0.2458378164630057,0.0,0.054869642329833,,,NORMAL,0.1451829455555101,0.9478876306477915,3.2386924566875126,0.38095238095238093,-0.16950418750677954,0,0,0
2024-11-30 01:18:56.520,0.9333333333333332,0.901854073058668,-0.1764705882041523,0.2458378164630057,0.0,-0.2024832988012223,,,NORMAL,0.1451829455555101,0.9478876306477915,3.2386924566875126,0.3333333333333333,-0.15065714230231442,0,0,0
2024-12-07 01:18:56.520,0.9,0.901854073058668,-0.2352941176055364,0.2458378164630057,0.0,-0.2392480046770874,,,NORMAL,0.1451829455555101,0.9478876306477915,3.2386924566875126,0.2857142857142857,-0.12229917917668745,0,0,0
2024-12-14 01:18:56.520,0.8666666666666667,0.901854073058668,-0.2941176470069205,0.2458378164630057,0.0,-0.2760127105529524,,,NORMAL,0.1451829455555101,0.9478876306477915,3.2386924566875126,0.23809523809523808,-0.1007593966679323,0,0,0
2024-12-21 01:18:56.520,0.8,0.901854073058668,-0.4117647058096886,0.2458378164630057,0.0,-0.3495421223046825,,,NORMAL,0.1451829455555101,0.9478876306477915,3.2386924566875126,0.23809523809523808,-0.07933293942901429,0,0,0
2024-12-28 01:18:56.520,0.4,0.901854073058668,-1.1176470586262974,0.2458378164630057,0.0,-0.7907185928150631,,,NORMAL,0.1451829455555101,0.9478876306477915,3.2386924566875126,0.19047619047619047,-0.06433877728397308,0,0,0
2025-01-04 01:18:56.520,0.7333333333333333,0.8313447203354745,-0.5294117646124569,-1.2319195024865213,0.0,0.1310874605496598,,,NORMAL,0.1451829455555101,0.9478876306477915,3.2386924566875126,0.14285714285714285,-0.05527925345583086,0,0,0
2025-01-11 01:18:56.520,0.9666666666666668,0.8313447203354745,-0.1176470588027683,-1.2319195024865213,0.0,0.3884404016807152,,,ELEVATED,0.1451829455555101,0.9478876306477915,3.2386924566875126,0.14285714285714285,-0.04478620183475892,0,0,0
2025-01-18 01:18:56.520,1.2333333333333334,0.8313447203354745,0.3529411764083043,-1.2319195024865213,0.0,0.6825580486876357,,,ELEVATED,0.169253574810953,0.9478876306477915,3.2386924566875126,0.14285714285714285,-0.030757613653216186,0,0,0
2025-01-25 01:18:56.520,1.9666666666666663,0.8313447203354745,1.6470588232387535,-1.2319195024865213,0.0,1.4913815779566666,,,HIGH,0.2427829865626831,0.978435494814651,3.2386924566875126,0.14285714285714285,-0.01413561969370865,0,0,0
2025-02-01 01:18:56.520,3.333333333333333,0.8313447203354745,4.058823528695501,-1.2319195024865213,0.0,2.998734518867133,,,HIGH,0.2427829865626831,1.0777565679977956,3.2386924566875126,0.19047619047619047,0.010461173574728729,0,0,0
2025-02-08 01:18:56.520,8.7,0.8214613033738978,13.529411762318336,-1.439059281638054,0.0,8.995529582063229,,,CRITICAL,0.2573529411310551,1.1982367043777113,3.3733624998071776,0.23809523809523808,0.0719887298540776,0,0,0
2025-02-15 01:18:56.520,8.633333333333333,0.7960460569993084,13.411764703515567,-1.9717200548889275,0.0,9.121747960280578,,,CRITICAL,0.2922253968335737,1.2586603444339577,3.613372718526787,0.2857142857142857,0.12833378162065784,0,0,0
2025-02-22 01:18:56.520,8.233333333333333,0.7990483539251518,12.70588235069896,-1.9087969661854716,0.0,8.6569753315064,,,CRITICAL,0.3154783222646035,1.3138074032477551,3.7675061199622766,0.3333333333333333,0.17649430059052124,0,0,0
2025-03-01 01:18:56.520,8.233333333333333,0.7990483539251518,12.70588235069896,-1.9087969661854716,0.0,8.6569753315064,,,CRITICAL,0.3163123983144131,1.3676470578624191,4.050418475492279,0.38095238095238093,0.225274115677389,0,0,0
2025-03-08 01:18:56.520,2.5,0.7721540089739493,2.5882352936608988,-2.472457155295668,0.0,2.5448184917739374,,,HIGH,0.3289901027094389,1.41638288509716,4.050418475492279,0.42857142857142855,0.23390114155578948,0,0,0
2025-03-15 01:18:56.520,2.2666666666666666,0.7721540089739493,2.1764705878512105,-2.472457155295668,0.0,2.287465550642882,,,HIGH,0.3308823528827852,1.4598677922063512,4.050418475492279,0.47619047619047616,0.23797678704110378,0,0,0
2025-03-22 01:18:56.520,2.1,0.7721540089739493,1.8823529408442905,-2.472457155295668,0.0,2.103642021263557,,,HIGH,0.3657548085853038,1.7764919989494095,4.050418475492279,0.5238095238095238,0.24073176599784085,0,0,0
2025-03-29 01:18:56.520,1.5666666666666669,0.7382047484889713,0.9411764704221448,-3.1839764958795085,0.0,1.782226479968656,,,ELEVATED,0.3676470587586503,1.9219144499554042,4.050418475492279,0.5714285714285714,0.2380967482966872,0,0,0
2025-04-05 01:18:56.520,1.3,0.7382047484889713,0.4705882352110724,-3.1839764958795085,0.0,1.4881088329617358,,,ELEVATED,0.3776148076123302,1.9219144499554042,4.050418475492279,0.6190476190476191,0.2239712648089925,0,0,0
2025-04-12 01:18:56.520,1.7,0.7382047484889713,1.1764705880276811,-3.1839764958795085,0.0,1.929285303472116,,,ELEVATED,0.3884404016807152,1.9954438617071342,4.050418475492279,0.6666666666666666,0.21116911953836798,0,0,0
2025-04-19 01:18:56.520,1.8,0.7382047484889713,1.3529411762318335,-3.1839764958795085,0.0,2.039579421099712,,,ELEVATED,0.3898418100661432,2.050590920520932,4.050418475492279,0.7142857142857143,0.19834077378191764,0,0,0
2025-04-26 01:18:56.520,1.5,0.7382047484889713,0.8235294116193769,-3.1839764958795085,0.0,1.7086970682169262,,,ELEVATED,0.5141204686308927,2.050590920520932,4.050418475492279,0.7619047619047619,0.1818629205979267,0,0,0
2025-05-03 01:18:56.520,1.9666666666666663,0.7752912082387855,1.6470588232387535,-2.406706740697268,0.0,1.9319267922856964,,,ELEVATED,0.5141204686308927,2.050590920520932,4.050418475492279,0.8095238095238095,0.165948440362349,0,0,0
2025-05-10 01:18:56.520,1.7333333333333334,0.7752912082387855,1.2352941174290657,-2.406706740697268,0.0,1.674573851154641,,,ELEVATED,0.5246736311157904,2.050590920520932,4.050418475492279,0.8571428571428571,0.1471602845302829,0,0,0
2025-05-17 01:18:56.520,1.5333333333333334,0.7752912082387855,0.8823529410207611,-2.406706740697268,0.0,1.4539856158994509,,,ELEVATED,0.571588085044944,2.050590920520932,4.050418475492279,0.9047619047619048,0.12737144924089935,0,0,0
2025-05-24 01:18:56.520,2.4,0.7752912082387855,2.4117647054567466,-2.406706740697268,0.0,2.409867968671942,,,HIGH,0.6463606751473889,2.082622220602855,4.050418475492279,0.9523809523809523,0.11389107737502625,1,0,1
2025-05-31 01:18:56.520,1.8,0.8310358781014986,1.3529411762318335,-1.2383923157237988,0.0,1.3099853535413204,,,ELEVATED,0.6825580486876357,2.082622220602855,4.050418475492279,1.0,0.09256130326667462,0,0,0
2025-06-07 01:18:56.520,2.066666666666667,0.8310358781014986,1.8235294114429064,-1.2383923157237988,0.0,1.6041030005482408,,,ELEVATED,0.7566547927749842,2.082622220602855,4.050418475492279,1.0,0.07239067416644505,0,0,0
2025-06-14 01:18:56.520,2.1,0.8310358781014986,1.8823529408442905,-1.2383923157237988,0.0,1.640867706424106,,,ELEVATED,0.7701665732198193,2.082622220602855,4.050418475492279,1.0,0.050827335072497724,0,0,0
2025-06-21 01:18:56.520,1.8666666666666667,0.7844503387618823,1.4705882350346016,-2.2147467858405543,0.0,1.7496476915868338,,,ELEVATED,0.7714734097619481,2.082622220602855,4.050418475492279,1.0,0.03258081333720044,0,0,0
2025-06-28 01:18:56.520,1.3666666666666667,0.7844503387618823,0.5882352940138406,-2.2147467858405543,0.0,1.1981771034488582,,,ELEVATED,0.8450028215136782,2.082622220602855,4.050418475492279,1.0,0.008247496422909135,0,0,0
2025-07-05 01:18:56.520,1.6,0.7844503387618823,0.9999999998235292,-2.2147467858405543,0.0,1.4555300445799135,,,ELEVATED,0.9185322332654084,2.082622220602855,4.050418475492279,1.0,-0.015302236819269,0,0,0
2025-07-12 01:18:56.520,1.4333333333333331,0.7844503387618823,0.7058823528166087,-2.2147467858405543,0.0,1.2717065152005882,,,ELEVATED,0.9478876306477915,2.0721123202725034,4.040758512394103,1.0,-0.04104555055814709,0,0,0
2025-07-19 01:18:56.520,1.5,0.794082461267797,0.8235294116193769,-2.0128737153840195,0.0,1.2695335255311178,,,ELEVATED,0.978435494814651,2.0721123202725034,4.040758512394103,1.0,-0.06799862334401637,0,0,0
2025-07-26 01:18:56.520,1.4666666666666666,0.794082461267797,0.7647058822179926,-2.0128737153840195,0.0,1.2327688196552526,,,ELEVATED,1.0777565679977956,2.0721123202725034,4.040758512394103,1.0,-0.09895187373876072,0,0,0
2025-08-02 01:18:56.520,1.8333333333333333,0.794082461267797,1.4117647056332174,-2.0128737153840195,0.0,1.637180584289768,,,ELEVATED,1.1870311389226609,2.0721123202725034,4.040758512394103,1.0,-0.12183906095135454,0,0,0
2025-08-09 01:18:56.520,1.9333333333333331,0.794082461267797,1.5882352938373698,-2.0128737153840195,0.0,1.747474701917363,,,ELEVATED,1.1870311389226609,2.055595071140673,4.040758512394103,1.0,-0.14290994464030357,0,0,0
2025-08-16 01:18:56.520,2.066666666666667,0.879760526041957,1.8235294114429064,-0.2172057308756529,0.0,1.2211580312301864,,,ELEVATED,1.1870311389226609,1.9588399494892004,4.040758512394103,1.0,-0.16595270930660244,0,0,0
2025-08-23 01:18:56.520,3.6,0.879760526041957,4.529411763906573,-0.2172057308756529,0.0,2.912334501519978,,,HIGH,1.1870311389226609,1.9588399494892004,4.040758512394103,1.0,-0.17274620877142,0,0,0
2025-08-30 01:18:56.520,3.2,0.9504887882484668,3.823529411089965,1.26513956227395,0.0,1.915278546078497,,,ELEVATED,1.1870311389226609,1.9299456756755111,4.040758512394103,1.0,-0.17620902689846316,0,0,0
2025-09-06 01:18:56.520,2.7666666666666666,0.9504887882484668,3.0588235288719714,1.26513956227395,0.0,1.437337369692251,,,ELEVATED,1.1870311389226609,1.9299456756755111,4.040758512394103,1.0,-0.1409160575306333,0,0,0
2025-09-13 01:18:56.520,2.6333333333333333,0.9504887882484668,2.8235294112664358,1.26513956227395,0.0,1.290278546188791,,,ELEVATED,1.2093826689039087,1.9299456756755111,4.040758512394103,1.0,-0.10233845006093914,0,0,0
2025-09-20 01:18:56.520,2.0,0.9359157063162076,1.705882352640138,0.959712301161634,0.0,0.7062843574644735,,,NORMAL,1.1870311389226609,1.9187802354269017,4.040758512394103,1.0,-0.0672493507418171,0,0,0
2025-09-27 01:18:56.520,2.8,0.9359157063162076,3.1176470582733558,0.959712301161634,0.0,1.5886372984852344,,,ELEVATED,1.1870311389226609,1.8154894964961161,4.040758512394103,1.0,-0.022930080735779203,0,0,0
2025-10-04 01:18:56.520,3.7,0.9359157063162076,4.705882352110726,0.959712301161634,0.0,2.5812843571335917,,,HIGH,1.1870311389226609,1.8154894964961161,4.040758512394103,1.0,-0.011214463958854113,0,0,0
2025-10-11 01:18:56.520,4.3,0.9237138208576882,5.764705881335639,0.7039813258384193,0.0,3.338948178645368,,,HIGH,1.1870311389226609,1.8154894964961161,4.040758512394103,1.0,0.003598233556237709,1,0,1
2025-10-18 01:18:56.520,4.2,0.9237138208576882,5.588235293131487,0.7039813258384193,0.0,3.2286540610177723,,,HIGH,1.1870311389226609,1.9187802354269017,4.040758512394103,1.0,0.015963762199702285,1,0,1
2025-10-25 01:18:56.520,4.633333333333334,1.0137709808116255,6.352941175349481,2.5914277723856807,0.0,2.9988028199487955,,,HIGH,1.2093826689039087,1.9299456756755111,4.040758512394103,1.0,0.024129159174501556,1,0,1
2025-11-01 01:18:56.520,3.8333333333333335,0.9734871735251298,4.941176469716262,1.7471469960967014,0.0,2.4330551700364005,,,HIGH,1.2208731327945728,1.9588399494892004,4.040758512394103,1.0,0.026074871703330976,1,0,1
2025-11-08 01:18:56.520,3.933333333333333,0.9734871735251298,5.117647057920413,1.7471469960967014,0.0,2.543349287663996,,,HIGH,1.2269634254427195,2.055595071140673,4.040758512394103,1.0,0.03135431222390079,1,0,1
2025-11-15 01:18:56.520,4.533333333333333,0.9154793705929736,6.176470587145327,0.5314011123456198,0.0,3.661018699836222,,,HIGH,1.2511511725931852,2.149597903608388,4.040758512394103,1.0,0.04433195132757762,1,0,1
2025-11-22 01:18:56.520,3.6666666666666665,0.9154793705929736,4.647058822709341,0.5314011123456198,0.0,2.70513634706373,,,HIGH,1.270620020365853,2.3097708592026613,4.040758512394103,1.0,0.04813921896801938,1,0,1
2025-11-29 01:18:56.520,2.966666666666667,0.8628128110962359,3.411764705280276,-0.5724013018636618,0.0,2.3470034289990456,,,ELEVATED,1.2809925306946894,2.354424267969784,4.040758512394103,1.0,0.05073211247376981,0,0,0
2025-12-06 01:18:56.520,2.1333333333333333,0.8628128110962359,1.9411764702456744,-0.5724013018636618,0.0,1.4278857821024196,,,ELEVATED,1.3001319498650556,2.354424267969784,4.040758512394103,1.0,0.045435683130022636,0,0,0
2025-12-13 01:18:56.520,1.4666666666666666,0.8628128110962359,0.7647058822179926,-0.5724013018636618,0.0,0.6925916645851186,,,NORMAL,1.3001319498650556,2.354424267969784,4.040758512394103,1.0,0.03398388369443828,0,0,0
2025-12-20 01:18:56.520,1.0333333333333334,0.8628128110962359,0.0,-0.5724013018636618,0.0,0.2146504881988731,,,NORMAL,1.290278546188791,2.3470034289990456,4.031098549295927,1.0,0.02637965861333111,0,0,0
2025-12-27 01:18:56.520,1.3333333333333333,0.8628128110962359,0.5294117646124563,-0.5724013018636618,0.0,0.5455328410816583,,,NORMAL,1.2809925306946894,2.3321189594100047,3.9940905643499587,1.0,0.014301498521211164,0,0,0
2026-01-03 01:18:56.520,1.3333333333333333,0.8628128110962359,0.5294117646124563,-0.5724013018636618,0.0,0.5455328410816583,,,NORMAL,1.2717065152005882,2.317234489820964,3.957082579403985,1.0,0.0045918705941933,0,0,0
2026-01-10 01:18:56.520,1.0666666666666669,0.8628128110962359,0.0588235294013838,-0.5724013018636618,0.0,0.251415194074738,,,NORMAL,1.270620020365853,2.302350020231923,3.9200745944580166,1.0,-0.006290741885019414,0,0,0
2026-01-17 01:18:56.520,0.7666666666666667,0.8628128110962359,-0.4705882352110727,-0.5724013018636618,0.0,-0.0794671588080473,,,NORMAL,1.2695335255311178,2.287465550642882,3.8830666095120483,0.9523809523809523,-0.01793965106475656,0,0,0
2026-01-24 01:18:56.520,0.4666666666666667,0.8628128110962359,-0.9999999998235294,-0.5724013018636618,0.0,-0.4103495116908328,,,NORMAL,1.2695335255311178,2.287465550642882,3.8830666095120483,0.9047619047619048,-0.03471268633238876,0,0,0
2026-01-31 01:18:56.520,0.7,0.8628128110962359,-0.588235294013841,-0.5724013018636618,0.0,-0.1529965705597774,,,NORMAL,1.2695335255311178,2.287465550642882,3.8830666095120483,0.8571428571428571,-0.04733483623892139,0,0,0
2026-02-07 01:18:56.520,0.8,0.8628128110962359,-0.4117647058096886,-0.5724013018636618,0.0,-0.0427024529321822,,,NORMAL,1.2695335255311178,2.287465550642882,3.8830666095120483,0.8095238095238095,-0.05979746373594999,0,0,0
2026-02-14 01:18:56.520,1.0666666666666669,0.8628128110962359,0.0588235294013838,-0.5724013018636618,0.0,0.251415194074738,,,NORMAL,1.2695335255311178,2.287465550642882,3.8830666095120483,0.8095238095238095,-0.06979271258565647,0,0,0
2026-02-21 01:18:56.520,1.1,0.8628128110962359,0.1176470588027681,-0.5724013018636618,0.0,0.2881798999506032,,,NORMAL,1.2695335255311178,2.287465550642882,3.8830666095120483,0.8095238095238095,-0.07935131911029947,0,0,0
2026-02-28 01:18:56.520,1.0,0.8628128110962359,-0.0588235294013842,-0.5724013018636618,0.0,0.1778857823230079,,,NORMAL,1.2695335255311178,2.287465550642882,3.8830666095120483,0.8095238095238095,-0.08641216965454655,0,0,0
2026-03-07 01:18:56.520,0.7333333333333333,0.8628128110962359,-0.5294117646124569,-0.5724013018636618,0.0,-0.1162318646839124,,,NORMAL,1.2695335255311178,2.287465550642882,3.8830666095120483,0.7619047619047619,-0.09396060740965276,0,0,0
2026-03-14 01:18:56.520,0.6,0.8628128110962359,-0.7647058822179932,-0.5724013018636618,0.0,-0.2632906881873725,,,NORMAL,1.2695335255311178,2.287465550642882,3.8830666095120483,0.7142857142857143,-0.10525834650840761,0,0,0
2026-03-21 01:18:56.520,0.4333333333333333,0.8628128110962359,-1.0588235292249135,-0.5724013018636618,0.0,-0.4471142175666978,,,NORMAL,1.2695335255311178,2.287465550642882,3.8830666095120483,0.6666666666666666,-0.10541826899630181,0,0,0
2026-03-28 01:18:56.520,0.8666666666666667,0.8628128110962359,-0.2941176470069205,-0.5724013018636618,0.0,0.0308269588195478,,,NORMAL,1.2695335255311178,2.287465550642882,3.8830666095120483,0.6190476190476191,-0.1078761988402164,0,0,0
2026-04-04 01:18:56.520,0.9666666666666668,0.8628128110962359,-0.1176470588027683,-0.5724013018636618,0.0,0.1411210764471429,,,NORMAL,1.2695335255311178,2.287465550642882,3.8830666095120483,0.6190476190476191,-0.11208023410843697,0,0,0
2026-04-11 01:18:56.520,0.8333333333333334,0.8628128110962359,-0.3529411764083045,-0.5724013018636618,0.0,-0.0059377470563171,,,NORMAL,1.2327688196552526,2.103642021263557,3.8830666095120483,0.5714285714285714,-0.11767049781352462,0,0,0
2026-04-18 01:18:56.520,0.7666666666666667,0.8628128110962359,-0.4705882352110727,-0.5724013018636618,0.0,-0.0794671588080473,,,NORMAL,1.2211580312301864,2.039579421099712,3.5321904913598834,0.5238095238095238,-0.12718595400020594,0,0,0
2026-04-25 01:18:56.520,0.3666666666666666,0.8628128110962359,-1.1764705880276816,-0.5724013018636618,0.0,-0.5206436293184279,,,NORMAL,1.2205882343589591,1.9319267922856964,3.3309187675906826,0.47619047619047616,-0.13311290594675668,0,0,0
2026-05-02 01:18:56.520,0.5,0.8628128110962359,-0.9411764704221454,-0.5724013018636618,0.0,-0.3735848058149678,,,NORMAL,1.1981771034488582,1.929285303472116,3.282786415012302,0.42857142857142855,-0.13030674853728802,0,0,0
