time,magnitude,depth,longitude,latitude,place,event_id,year,month,day,energy_proxy,lambda_etas,etas_z,etas_alert
2025-05-22 16:59:15.640,1.0,,14.131333,40.834667,Campi Flegrei,42450661,2025,5,2025-05-22,31.622776601683796,0.1,-0.4882942710376163,0
2025-05-23 10:44:16.220,2.6,,14.094167,40.830667,Campi Flegrei,42799812,2025,5,2025-05-23,7943.282347242822,2.020793070491687,-0.4866031230115315,0
2025-05-25 17:27:54.970,2.3,,14.143333,40.8275,Campi Flegrei,42821512,2025,5,2025-05-25,2818.382931264452,2.94975194765259,-0.485785228051601,0
2025-05-26 22:43:01.289,1.0,,14.142,40.828667,Campi Flegrei,42242671,2025,5,2025-05-26,31.622776601683796,5.726553424558754,-0.48334041376700065,0
2025-05-27 02:10:47.259,1.0,,14.1365,40.821833,Campi Flegrei,42243181,2025,5,2025-05-27,31.622776601683796,17.964287410407067,-0.47256579155919515,0
2025-05-27 22:39:46.960,1.0,,14.1535,40.817667,Campi Flegrei,42450701,2025,5,2025-05-27,31.622776601683796,6.267327844980636,-0.4828642929356091,0
2025-05-28 20:03:36.099,1.9,,14.142,40.825,Campi Flegrei,42260791,2025,5,2025-05-28,707.9457843841374,5.278757089569115,-0.4837346727320291,0
2025-05-31 18:46:07.500,1.0,,14.123167,40.8365,Campi Flegrei,42450731,2025,5,2025-05-31,31.622776601683796,2.8944126679260505,-0.48583395111037925,0
2025-06-02 10:01:53.569,1.0,,14.137833,40.8315,Campi Flegrei,42777781,2025,6,2025-06-02,31.622776601683796,2.7881950635975143,-0.4859274696130515,0
2025-06-03 03:59:54.440,1.1,,14.132167,40.838167,Campi Flegrei,42908952,2025,6,2025-06-03,44.66835921509632,4.173527457030061,-0.48470776397238863,0
2025-06-04 03:44:20.450,1.0,,14.110667,40.8055,Campi Flegrei,42917972,2025,6,2025-06-04,31.622776601683796,4.079297824217024,-0.48479072775436943,0
2025-06-05 04:39:01.829,2.3,,14.148,40.826833,Campi Flegrei,42927122,2025,6,2025-06-05,2818.382931264452,3.9268805270471923,-0.4849249224342701,0
2025-06-05 04:43:58.160,1.3,,14.150667,40.827333,Campi Flegrei,42927912,2025,6,2025-06-05,89.12509381337459,883.5779545097246,0.2895573475524716,0
2025-06-05 04:44:48.309,2.2,,14.1495,40.827833,Campi Flegrei,42927262,2025,6,2025-06-05,1995.262314968881,1270.898024436979,0.6305704331280266,0
2025-06-05 04:48:25.390,3.2,,14.148667,40.827167,Campi Flegrei,42927332,2025,6,2025-06-05,63095.73444801943,1889.8026497997598,1.175480424525024,0
2025-06-05 04:50:59.230,2.1,,14.152333,40.8275,Campi Flegrei,42927432,2025,6,2025-06-05,1412.5375446227554,4169.432071271869,3.182563256899364,1
2025-06-05 07:25:15.009,1.1,,14.146,40.8265,Campi Flegrei,42928802,2025,6,2025-06-05,44.66835921509632,354.9603860962387,-0.17586007356899738,0
2025-06-05 08:51:50.500,1.5,,14.128167,40.7985,Campi Flegrei,42929662,2025,6,2025-06-05,177.82794100389228,255.99671342130475,-0.2629919058675584,0
2025-06-05 13:33:15.690,1.3,,14.1455,40.828667,Campi Flegrei,42932632,2025,6,2025-06-05,89.12509381337459,115.17394910123416,-0.38697826523459533,0
2025-06-05 13:51:03.750,2.0,,14.1505,40.832,Campi Flegrei,42932792,2025,6,2025-06-05,1000.0,285.7953665095848,-0.23675590256016854,0
2025-06-05 16:59:40.170,2.8,,14.1455,40.8315,Campi Flegrei,42934552,2025,6,2025-06-05,15848.931924611108,132.39393136663801,-0.37181705944687404,0
2025-06-05 18:30:54.619,1.0,,14.143833,40.829833,Campi Flegrei,42935222,2025,6,2025-06-05,31.622776601683796,291.49482833552764,-0.23173785362779617,0
2025-06-06 00:26:22.170,1.2,,14.1365,40.823333,Campi Flegrei,42936042,2025,6,2025-06-06,63.0957344480193,96.77948502992753,-0.4031735348255646,0
2025-06-06 00:28:10.980,1.1,,14.1365,40.821667,Campi Flegrei,42936092,2025,6,2025-06-06,44.66835921509632,458.4904230026209,-0.08470781971902935,0
2025-06-06 17:31:06.230,3.2,,14.129167,40.8215,Campi Flegrei,42944912,2025,6,2025-06-06,63095.73444801943,39.9196552468989,-0.4532353506340075,0
2025-06-07 02:10:16.769,1.2,,14.146833,40.8235,Campi Flegrei,42946462,2025,6,2025-06-07,63.0957344480193,69.93503289457614,-0.4268085337941975,0
2025-06-07 08:21:28.130,1.3,,14.111167,40.803167,Campi Flegrei,42948712,2025,6,2025-06-07,89.12509381337459,54.42568887068594,-0.4404636208177874,0
2025-06-07 09:01:41.710,1.3,,14.1105,40.796,Campi Flegrei,42949022,2025,6,2025-06-07,89.12509381337459,145.08077200251682,-0.3606470246168717,0
2025-06-07 18:48:49.319,1.0,,14.122333,40.837,Campi Flegrei,42955652,2025,6,2025-06-07,31.622776601683796,43.679284888688116,-0.44992521257426615,0
2025-06-07 19:45:34.789,2.6,,14.138333,40.820333,Campi Flegrei,42955982,2025,6,2025-06-07,7943.282347242822,91.8576051374694,-0.40750696750638243,0
2025-06-07 20:32:34.220,1.0,,14.137667,40.816833,Campi Flegrei,42956392,2025,6,2025-06-07,31.622776601683796,364.3184717676342,-0.1676208163818283,0
2025-06-07 20:55:58.309,2.3,,14.139667,40.820833,Campi Flegrei,42956402,2025,6,2025-06-07,2818.382931264452,370.16304728464917,-0.16247500317542526,0
2025-06-07 20:57:37.000,1.9,,14.138,40.816167,Campi Flegrei,42956532,2025,6,2025-06-07,707.9457843841374,1461.0667977423673,0.7980031204586072,0
2025-06-07 21:00:45.119,1.0,,14.139833,40.819333,Campi Flegrei,42956472,2025,6,2025-06-07,31.622776601683796,1893.948900017903,1.1791309598064075,0
2025-06-07 21:03:27.089,1.2,,14.142333,40.818333,Campi Flegrei,42956482,2025,6,2025-06-07,63.0957344480193,1923.5831472239138,1.2052222131729797,0
2025-06-07 21:45:29.190,1.9,,14.145833,40.819,Campi Flegrei,42956732,2025,6,2025-06-07,707.9457843841374,706.8253305128752,0.1339368094686533,0
2025-06-07 22:21:41.460,1.0,,14.142667,40.819667,Campi Flegrei,42956912,2025,6,2025-06-07,31.622776601683796,634.3923802160573,0.07016375509866445,0
2025-06-07 22:54:52.400,1.3,,14.142167,40.818833,Campi Flegrei,42957122,2025,6,2025-06-07,89.12509381337459,521.0238137084691,-0.029650759236446618,0
2025-06-08 05:14:12.170,2.1,,14.140833,40.823333,Campi Flegrei,42957862,2025,6,2025-06-08,1412.5375446227554,124.54412663644402,-0.37872836185553,0
2025-06-08 05:33:57.960,1.0,,14.143333,40.8225,Campi Flegrei,42958002,2025,6,2025-06-08,31.622776601683796,483.8492685818053,-0.06238081203462023,0
2025-06-08 06:04:21.559,1.1,,14.145167,40.819833,Campi Flegrei,42777801,2025,6,2025-06-08,44.66835921509632,370.5992922559726,-0.16209091452294266,0
2025-06-08 23:19:17.650,1.3,,14.116167,40.829667,Campi Flegrei,42967232,2025,6,2025-06-08,89.12509381337459,53.74440167823676,-0.4410634550781288,0
2025-06-10 01:06:56.230,1.2,,14.1175,40.807167,Campi Flegrei,42777821,2025,6,2025-06-10,63.0957344480193,29.483565255741095,-0.462423728736638,0
2025-06-10 23:12:08.430,1.3,,14.109833,40.811833,Campi Flegrei,42988832,2025,6,2025-06-10,89.12509381337459,22.58246445168215,-0.46849975180330233,0
2025-06-12 03:33:24.250,1.7,,14.117333,40.838333,Campi Flegrei,42777831,2025,6,2025-06-12,354.8133892335753,17.31940999087504,-0.4731335691047635,0
2025-06-12 03:48:57.559,1.3,,14.1205,40.8385,Campi Flegrei,43027442,2025,6,2025-06-12,89.12509381337459,302.7772753210353,-0.22180430678088683,0
2025-06-12 18:22:43.059,1.0,,14.087667,40.838,Campi Flegrei,42777931,2025,6,2025-06-12,31.622776601683796,22.742745598224648,-0.46835863345549167,0
2025-06-14 01:11:02.319,1.2,,14.1335,40.833167,Campi Flegrei,43069722,2025,6,2025-06-14,63.0957344480193,14.445401275827424,-0.47566396878189227,0
2025-06-15 05:56:37.529,1.7,,14.139,40.824833,Campi Flegrei,43081282,2025,6,2025-06-15,354.8133892335753,12.341954129115697,-0.47751593323594177,0
2025-06-15 16:43:05.660,1.5,,14.1255,40.8325,Campi Flegrei,43087752,2025,6,2025-06-15,177.82794100389228,18.068874047796594,-0.4724737090292791,0
2025-06-19 08:29:20.490,1.1,,14.154167,40.815833,Campi Flegrei,43135152,2025,6,2025-06-19,44.66835921509632,7.661981878919562,-0.48163638012563464,0
2025-06-19 08:42:22.400,1.9,,14.1555,40.816167,Campi Flegrei,43135342,2025,6,2025-06-19,707.9457843841374,181.87840380380925,-0.32824882236314207,0
2025-06-19 08:42:26.910,1.6,,14.1545,40.812667,Campi Flegrei,43135742,2025,6,2025-06-19,251.18864315095823,1016.3139573023996,0.40642377765457577,0
2025-06-19 21:37:30.869,1.9,,14.095333,40.837167,Campi Flegrei,43144182,2025,6,2025-06-19,707.9457843841374,22.163641343874936,-0.4688685015051459,0
2025-06-19 21:47:02.180,1.5,,14.140167,40.824667,Campi Flegrei,43144232,2025,6,2025-06-19,177.82794100389228,478.742058164401,-0.06687741760285161,0
2025-06-20 23:01:01.809,1.5,,14.139333,40.830167,Campi Flegrei,43157242,2025,6,2025-06-20,177.82794100389228,15.70373430926241,-0.47455607878669037,0
2025-06-20 23:01:46.119,1.1,,14.14,40.83,Campi Flegrei,43157282,2025,6,2025-06-20,44.66835921509632,546.0031756786169,-0.007657865083689026,0
2025-06-21 02:55:48.940,2.3,,14.126833,40.839333,Campi Flegrei,43158092,2025,6,2025-06-21,2818.382931264452,45.09939518244381,-0.4486748869889636,0
2025-06-21 03:00:12.640,3.2,,14.122667,40.837667,Campi Flegrei,43158122,2025,6,2025-06-21,63095.73444801943,955.0957121044654,0.3525246272893769,0
2025-06-21 03:00:39.710,2.0,,14.124333,40.839333,Campi Flegrei,43158342,2025,6,2025-06-21,1000.0,3898.968749429983,2.9444358292820993,1
2025-06-21 03:16:45.009,1.6,,14.1195,40.835667,Campi Flegrei,43158222,2025,6,2025-06-21,251.18864315095823,2077.054317271387,1.340344767639649,0
2025-06-21 11:43:51.549,1.0,,14.127833,40.834667,Campi Flegrei,42778011,2025,6,2025-06-21,31.622776601683796,96.54355337037438,-0.4033812591069949,0
2025-06-22 00:02:27.220,1.3,,14.112167,40.809667,Campi Flegrei,43167202,2025,6,2025-06-22,89.12509381337459,43.909155948349046,-0.4497228243031027,0
2025-06-22 15:06:28.900,1.8,,14.147833,40.8065,Campi Flegrei,43172052,2025,6,2025-06-22,501.18723362727246,29.45601838584692,-0.4624479821741175,0
2025-06-22 19:59:09.339,1.6,,14.126333,40.797667,Campi Flegrei,43173932,2025,6,2025-06-22,251.18864315095823,45.077519063812915,-0.4486941476555129,0
2025-06-24 01:57:16.619,1.8,,14.086,40.817833,Campi Flegrei,43185582,2025,6,2025-06-24,501.18723362727246,19.311668419977178,-0.47137949993323913,0
2025-06-24 02:04:44.369,1.5,,14.1005,40.819333,Campi Flegrei,43185672,2025,6,2025-06-24,177.82794100389228,479.94457209534545,-0.0658186731228251,0
2025-06-24 15:03:01.019,1.5,,14.136333,40.839,Campi Flegrei,43193202,2025,6,2025-06-24,177.82794100389228,26.68365972489913,-0.4648888848143279,0
2025-06-27 14:25:32.369,1.9,,14.081667,40.824167,Campi Flegrei,43246782,2025,6,2025-06-27,707.9457843841374,10.775540497538662,-0.4788950705109402,0
2025-06-28 20:07:38.980,1.3,,14.124167,40.810833,Campi Flegrei,43258242,2025,6,2025-06-28,89.12509381337459,11.534913767085753,-0.4782264859426258,0
2025-06-29 02:16:53.740,1.5,,14.132333,40.822167,Campi Flegrei,43259232,2025,6,2025-06-29,177.82794100389228,19.70406345925673,-0.4710340186285022,0
2025-06-30 10:47:11.759,4.6,,14.095833,40.808,Campi Flegrei,43270472,2025,6,2025-06-30,7943282.347242805,10.98101277533007,-0.4787141639664819,0
2025-06-30 10:51:17.319,2.2,,14.117,40.805833,Campi Flegrei,43270512,2025,6,2025-06-30,1995.262314968881,9271.233357027788,7.674406395251891,1
2025-06-30 10:59:16.200,1.6,,14.117833,40.8,Campi Flegrei,43270672,2025,6,2025-06-30,251.18864315095823,6698.138894032482,5.408944441606662,1
2025-06-30 11:25:50.470,1.1,,14.108833,40.808167,Campi Flegrei,43270972,2025,6,2025-06-30,44.66835921509632,3063.3342608832772,2.208707635785223,1
2025-06-30 14:38:53.950,1.1,,14.106,40.811333,Campi Flegrei,43272382,2025,6,2025-06-30,44.66835921509632,500.5412856946958,-0.04768444925327548,0
2025-06-30 17:43:19.319,1.1,,14.1065,40.802167,Campi Flegrei,43273772,2025,6,2025-06-30,44.66835921509632,275.66209412677875,-0.24567766714336525,0
2025-07-03 07:00:08.099,2.6,,14.150167,40.835167,Campi Flegrei,43298652,2025,7,2025-07-03,7943.282347242822,24.460890752831716,-0.4668459052853525,0
2025-07-05 08:46:45.359,1.0,,14.160667,40.814333,Campi Flegrei,43321482,2025,7,2025-07-05,31.622776601683796,17.639257944860915,-0.47285196134370877,0
2025-07-05 19:26:35.539,1.2,,14.163167,40.817833,Campi Flegrei,43328142,2025,7,2025-07-05,63.0957344480193,19.479565482935858,-0.47123167620825285,0
2025-07-06 04:10:23.660,1.0,,14.128167,40.838833,Campi Flegrei,43330112,2025,7,2025-07-06,31.622776601683796,22.019963429132776,-0.46899500166054575,0
2025-07-06 10:22:38.369,1.2,,14.151667,40.830167,Campi Flegrei,43333592,2025,7,2025-07-06,63.0957344480193,24.917424469931085,-0.4664439535569885,0
2025-07-06 19:27:01.519,1.2,,14.123,40.801167,Campi Flegrei,43339292,2025,7,2025-07-06,63.0957344480193,23.32115985682674,-0.46784937290748074,0
2025-07-09 03:35:59.950,1.0,,14.140667,40.824167,Campi Flegrei,43370922,2025,7,2025-07-09,31.622776601683796,12.017193560958072,-0.47780186627174215,0
2025-07-09 09:05:43.500,1.1,,14.132667,40.8255,Campi Flegrei,43372942,2025,7,2025-07-09,44.66835921509632,19.16827288721342,-0.47150575146751855,0
2025-07-09 09:14:32.230,1.6,,14.1285,40.830833,Campi Flegrei,43373052,2025,7,2025-07-09,251.18864315095823,231.81532180857798,-0.28428223293198235,0
2025-07-09 10:08:01.690,1.5,,14.132,40.828333,Campi Flegrei,43373832,2025,7,2025-07-09,177.82794100389228,165.19322477056696,-0.34293916460792984,0
2025-07-10 06:38:49.130,1.2,,14.151667,40.826,Campi Flegrei,43380032,2025,7,2025-07-10,63.0957344480193,18.60191942431084,-0.47200439317732484,0
2025-07-14 19:25:36.829,1.0,,14.1615,40.820833,Campi Flegrei,43421722,2025,7,2025-07-14,31.622776601683796,8.149295624811078,-0.4812073283489966,0
2025-07-14 23:39:35.170,1.3,,14.110333,40.8355,Campi Flegrei,43422422,2025,7,2025-07-14,89.12509381337459,18.223907437765174,-0.47233721102985876,0
2025-07-15 13:12:29.759,2.1,,14.085833,40.832,Campi Flegrei,43427062,2025,7,2025-07-15,1412.5375446227554,13.120189600150782,-0.4768307415820937,0
2025-07-17 23:44:53.839,1.0,,14.128833,40.8335,Campi Flegrei,43449592,2025,7,2025-07-17,31.622776601683796,8.618824026667108,-0.4807939355467275,0
2025-07-18 07:14:22.079,4.0,,14.155667,40.817,Campi Flegrei,43451602,2025,7,2025-07-18,1000000.0,13.509250305799297,-0.4764881959666953,0
2025-07-18 07:36:05.269,1.5,,14.143667,40.8255,Campi Flegrei,43452012,2025,7,2025-07-18,177.82794100389228,2287.959173612183,1.5260343856270464,0
2025-07-18 07:37:51.329,1.5,,14.139,40.824167,Campi Flegrei,43452072,2025,7,2025-07-18,177.82794100389228,2651.1332199549943,1.8457882836566073,0
2025-07-18 12:10:47.440,1.5,,14.157667,40.822333,Campi Flegrei,43454742,2025,7,2025-07-18,177.82794100389228,213.6644430917665,-0.30026303960252254,0
2025-07-18 18:04:24.190,1.3,,14.104,40.822333,Campi Flegrei,43457262,2025,7,2025-07-18,89.12509381337459,101.99437648382157,-0.39858212228665846,0
2025-07-18 22:08:57.400,1.7,,14.114333,40.831,Campi Flegrei,43458442,2025,7,2025-07-18,354.8133892335753,85.11477327700051,-0.41344364385441557,0
2025-07-18 22:29:28.259,1.6,,14.106667,40.838333,Campi Flegrei,43458582,2025,7,2025-07-18,251.18864315095823,319.7442085575418,-0.20686589613559744,0
2025-07-18 22:30:07.029,1.6,,14.110667,40.837167,Campi Flegrei,43458532,2025,7,2025-07-18,251.18864315095823,905.2094735288036,0.3086026581860464,0
2025-07-18 23:03:23.089,1.1,,14.1125,40.837167,Campi Flegrei,43458612,2025,7,2025-07-18,44.66835921509632,476.44014136473004,-0.06890412319221452,0
2025-07-19 08:58:35.750,1.5,,14.106833,40.839667,Campi Flegrei,43461082,2025,7,2025-07-19,177.82794100389228,67.09951278328234,-0.42930504646534684,0
2025-07-19 10:22:55.200,1.9,,14.1135,40.836,Campi Flegrei,43461832,2025,7,2025-07-19,707.9457843841374,117.26290837249965,-0.38513905652312913,0
2025-07-20 16:56:26.990,1.2,,14.100833,40.8015,Campi Flegrei,43473042,2025,7,2025-07-20,63.0957344480193,28.2285520408398,-0.46352869582221135,0
2025-07-22 00:07:13.910,1.1,,14.133167,40.824833,Campi Flegrei,43486992,2025,7,2025-07-22,44.66835921509632,19.01000570572123,-0.47164509663472387,0
2025-07-22 12:43:45.890,1.2,,14.130333,40.84,Campi Flegrei,43492612,2025,7,2025-07-22,63.0957344480193,19.68608095483128,-0.4710498511912756,0
2025-07-23 21:14:21.660,1.0,,14.085667,40.829667,Campi Flegrei,43507942,2025,7,2025-07-23,31.622776601683796,14.52634248938711,-0.47559270469017756,0
2025-07-25 04:36:10.319,1.2,,14.141,40.822667,Campi Flegrei,43517852,2025,7,2025-07-25,63.0957344480193,12.431875802338043,-0.4774367623650612,0
2025-07-25 05:12:31.009,1.4,,14.135333,40.823167,Campi Flegrei,43518352,2025,7,2025-07-25,125.8925411794166,104.37213954022765,-0.3964886384225641,0
2025-07-26 00:47:05.519,1.0,,14.132167,40.818333,Campi Flegrei,43527212,2025,7,2025-07-26,31.622776601683796,15.365328798623795,-0.4748540254109908,0
2025-07-26 05:16:28.930,1.1,,14.117333,40.8075,Campi Flegrei,43528072,2025,7,2025-07-26,44.66835921509632,23.652846324997128,-0.46755734201433424,0
2025-07-27 15:56:36.000,1.3,,14.146833,40.828,Campi Flegrei,43545142,2025,7,2025-07-27,89.12509381337459,11.888814341622938,-0.47791489680413224,0
2025-07-29 03:37:34.109,1.8,,14.142333,40.8265,Campi Flegrei,43558732,2025,7,2025-07-29,501.18723362727246,10.435629512002375,-0.47919434261945903,0
2025-07-29 12:41:02.240,1.0,,14.132,40.835167,Campi Flegrei,43562742,2025,7,2025-07-29,31.622776601683796,19.20742951694517,-0.4714712763030169,0
2025-07-30 00:37:23.250,1.0,,14.145333,40.821667,Campi Flegrei,43567672,2025,7,2025-07-30,31.622776601683796,15.675806513596124,-0.4745806676074433,0
2025-07-30 21:05:58.890,1.0,,14.136333,40.820333,Campi Flegrei,43578322,2025,7,2025-07-30,31.622776601683796,12.389191159954498,-0.4774743437421601,0
2025-07-30 22:47:26.900,1.8,,14.1365,40.821667,Campi Flegrei,43578672,2025,7,2025-07-30,501.18723362727246,40.01859188386717,-0.45314824260509645,0
2025-07-30 22:48:28.769,1.0,,14.137667,40.822167,Campi Flegrei,43578722,2025,7,2025-07-30,31.622776601683796,739.8019035784743,0.16297078887209543,0
2025-07-31 01:45:37.920,1.2,,14.134833,40.820833,Campi Flegrei,43579272,2025,7,2025-07-31,63.0957344480193,69.81952471322258,-0.4269102321165695,0
2025-08-01 02:24:24.160,1.1,,14.096833,40.815667,Campi Flegrei,43588852,2025,8,2025-08-01,44.66835921509632,15.555124475033475,-0.4746869212140574,0
2025-08-02 22:45:41.220,2.4,,14.133833,40.8315,Campi Flegrei,43610042,2025,8,2025-08-02,3981.071705534969,10.163621596325335,-0.47943382997327316,0
2025-08-02 23:54:24.859,1.0,,14.138,40.8315,Campi Flegrei,43610432,2025,8,2025-08-02,31.622776601683796,178.99513424243293,-0.3307873756837993,0
2025-08-03 00:53:53.089,1.3,,14.128833,40.83,Campi Flegrei,43610762,2025,8,2025-08-03,89.12509381337459,146.38375679613335,-0.35949982131028174,0
2025-08-03 05:12:35.650,1.4,,14.1315,40.832167,Campi Flegrei,43611332,2025,8,2025-08-03,125.8925411794166,56.604282362669316,-0.43854549432086815,0
2025-08-03 14:24:46.769,1.6,,14.1315,40.838833,Campi Flegrei,43618792,2025,8,2025-08-03,251.18864315095823,30.39678235924078,-0.4616196935046829,0
2025-08-05 23:35:52.359,2.0,,14.140167,40.8315,Campi Flegrei,43639632,2025,8,2025-08-05,1000.0,10.878264982406199,-0.4788046274994138,0
2025-08-08 06:36:40.059,1.5,,14.144667,40.832667,Campi Flegrei,43660812,2025,8,2025-08-08,177.82794100389228,9.271358878498603,-0.48021941607163177,0
2025-08-09 19:11:23.769,1.3,,14.103833,40.804667,Campi Flegrei,43678492,2025,8,2025-08-09,89.12509381337459,9.004995368651857,-0.480453933850157,0
2025-08-09 20:30:23.059,1.0,,14.137167,40.821167,Campi Flegrei,43678752,2025,8,2025-08-09,31.622776601683796,57.803157544682726,-0.43748995355037534,0
2025-08-09 21:02:32.640,1.0,,14.134167,40.821333,Campi Flegrei,43678922,2025,8,2025-08-09,31.622776601683796,126.67400160429337,-0.3768531292221866,0
2025-08-09 21:03:22.049,1.6,,14.136167,40.820833,Campi Flegrei,43678962,2025,8,2025-08-09,251.18864315095823,444.2101381779102,-0.09728079067787224,0
2025-08-10 00:03:21.970,1.0,,14.1085,40.800833,Campi Flegrei,43679842,2025,8,2025-08-10,31.622776601683796,75.20752771649893,-0.42216640479674394,0
2025-08-10 04:43:16.569,1.2,,14.135667,40.821333,Campi Flegrei,43680582,2025,8,2025-08-10,63.0957344480193,42.210347267557665,-0.4512185278181517,0
2025-08-10 13:51:05.529,1.0,,14.118667,40.840333,Campi Flegrei,43684962,2025,8,2025-08-10,31.622776601683796,25.878546915238992,-0.46559774042181085,0
2025-08-10 13:51:11.799,1.1,,14.1105,40.8405,Campi Flegrei,43685152,2025,8,2025-08-10,44.66835921509632,364.452911151696,-0.1675024502223096,0
2025-08-11 08:35:37.369,1.3,,14.1425,40.825167,Campi Flegrei,43691622,2025,8,2025-08-11,89.12509381337459,17.65639345674112,-0.4728368745092458,0
2025-08-11 17:15:09.900,1.2,,14.089333,40.817167,Campi Flegrei,43696582,2025,8,2025-08-11,63.0957344480193,20.495680098761255,-0.470337045624028,0
2025-08-11 18:41:08.579,2.3,,14.157,40.823167,Campi Flegrei,43697532,2025,8,2025-08-11,2818.382931264452,59.705537672455705,-0.43581501706326964,0
2025-08-12 01:45:16.380,1.6,,14.1105,40.836667,Campi Flegrei,43698662,2025,8,2025-08-12,251.18864315095823,41.651970544338354,-0.4517101464666104,0
2025-08-12 15:54:24.329,1.1,,14.1315,40.836667,Campi Flegrei,43706962,2025,8,2025-08-12,44.66835921509632,24.054198934031113,-0.4672039740836815,0
2025-08-14 09:36:12.369,1.5,,14.131833,40.8315,Campi Flegrei,43729122,2025,8,2025-08-14,177.82794100389228,12.25989522739615,-0.4775881813879149,0
2025-08-14 09:36:35.839,1.3,,14.132667,40.834333,Campi Flegrei,43729182,2025,8,2025-08-14,89.12509381337459,557.6650102086514,0.0026097107155860937,0
2025-08-14 09:36:56.210,1.3,,14.128,40.832167,Campi Flegrei,43729432,2025,8,2025-08-14,89.12509381337459,991.6241273264412,0.38468579980070744,0
2025-08-15 14:54:41.170,1.0,,14.149,40.811833,Campi Flegrei,43752402,2025,8,2025-08-15,31.622776601683796,14.277844708477417,-0.4758114927200429,0
2025-08-15 22:49:55.940,1.2,,14.143333,40.820333,Campi Flegrei,43759872,2025,8,2025-08-15,63.0957344480193,17.640504632062928,-0.47285086370719953,0
2025-08-16 00:50:49.009,1.1,,14.13,40.822833,Campi Flegrei,43760342,2025,8,2025-08-16,44.66835921509632,44.52746539090865,-0.4491784383359945,0
2025-08-16 03:25:56.039,1.4,,14.147833,40.823167,Campi Flegrei,43760712,2025,8,2025-08-16,125.8925411794166,45.80849388313275,-0.44805056629227213,0
2025-08-17 03:05:22.200,2.2,,14.116667,40.839667,Campi Flegrei,43774192,2025,8,2025-08-17,1995.262314968881,15.31622065922229,-0.47489726230844187,0
2025-08-17 03:20:41.750,1.0,,14.129,40.835833,Campi Flegrei,43774262,2025,8,2025-08-17,31.622776601683796,490.4108818193357,-0.05660368828034663,0
2025-08-17 05:56:59.410,1.0,,14.14,40.823167,Campi Flegrei,43774682,2025,8,2025-08-17,31.622776601683796,84.66604781576494,-0.41383872086176243,0
2025-08-17 08:18:23.390,1.4,,14.1275,40.835333,Campi Flegrei,43775422,2025,8,2025-08-17,125.8925411794166,68.73270945272202,-0.4278671105595159,0
2025-08-17 11:03:53.299,1.1,,14.112333,40.8355,Campi Flegrei,43777052,2025,8,2025-08-17,44.66835921509632,67.62220095058316,-0.4288448495414989,0
2025-08-17 11:03:56.230,1.6,,14.1315,40.837833,Campi Flegrei,43777032,2025,8,2025-08-17,251.18864315095823,443.87045126629755,-0.09757986550216528,0
2025-08-17 13:37:04.250,1.3,,14.0925,40.819833,Campi Flegrei,43778412,2025,8,2025-08-17,89.12509381337459,97.8224366471388,-0.4022552758023282,0
2025-08-18 18:54:29.720,1.1,,14.132167,40.823167,Campi Flegrei,43795812,2025,8,2025-08-18,44.66835921509632,19.30137170627101,-0.4713885655985245,0
2025-08-19 02:22:20.529,1.2,,14.1345,40.820667,Campi Flegrei,43797742,2025,8,2025-08-19,63.0957344480193,22.731605204147723,-0.46836844193290783,0
2025-08-19 03:50:43.890,1.1,,14.128667,40.824667,Campi Flegrei,43798182,2025,8,2025-08-19,44.66835921509632,60.66516840050689,-0.43497011729949725,0
2025-08-19 03:50:47.329,1.3,,14.140167,40.835167,Campi Flegrei,43798232,2025,8,2025-08-19,89.12509381337459,436.38144959313695,-0.10417350153276046,0
2025-08-20 01:57:56.170,1.5,,14.149333,40.827667,Campi Flegrei,43808732,2025,8,2025-08-20,177.82794100389228,19.05750386107118,-0.47160327723580125,0
2025-08-20 20:47:31.579,1.2,,14.117,40.836667,Campi Flegrei,43817672,2025,8,2025-08-20,63.0957344480193,17.027993659689336,-0.4733901444541984,0
2025-08-22 16:30:35.859,1.1,,14.127833,40.8095,Campi Flegrei,43841502,2025,8,2025-08-22,44.66835921509632,11.4448928441524,-0.47830574419717903,0
2025-08-23 02:50:15.380,1.2,,14.1295,40.836333,Campi Flegrei,43843602,2025,8,2025-08-23,63.0957344480193,14.627380253429216,-0.4755037467395035,0
2025-08-23 20:55:04.960,1.6,,14.140667,40.818833,Campi Flegrei,43853562,2025,8,2025-08-23,251.18864315095823,13.031309000587774,-0.47690899584738516,0
2025-08-23 20:57:18.509,2.4,,14.1415,40.822667,Campi Flegrei,43853612,2025,8,2025-08-23,3981.071705534969,536.8919007651693,-0.015679819567858837,0
2025-08-23 21:00:21.519,1.6,,14.140167,40.818,Campi Flegrei,43853652,2025,8,2025-08-23,251.18864315095823,1540.3691612636312,0.8678242988005913,0
2025-08-24 03:45:08.759,1.4,,14.141167,40.821333,Campi Flegrei,43854542,2025,8,2025-08-24,125.8925411794166,57.34153541976902,-0.43789638532969505,0
2025-08-24 04:02:18.940,1.1,,14.144333,40.820333,Campi Flegrei,43854602,2025,8,2025-08-24,44.66835921509632,253.74937339159956,-0.2649705597442118,0
2025-08-24 13:54:53.230,2.0,,14.077333,40.826833,Campi Flegrei,43857742,2025,8,2025-08-24,1000.0,35.87774374901488,-0.45679402166227523,0
2025-08-25 04:33:17.880,1.6,,14.142,40.825833,Campi Flegrei,43860782,2025,8,2025-08-25,251.18864315095823,26.807523599178275,-0.46477982978403426,0
2025-08-25 10:09:58.240,1.0,,14.118,40.8395,Campi Flegrei,43863502,2025,8,2025-08-25,31.622776601683796,35.82745532096474,-0.4568382977361211,0
2025-08-25 13:36:17.400,1.5,,14.133167,40.832333,Campi Flegrei,43864932,2025,8,2025-08-25,177.82794100389228,41.13206756518078,-0.45216789119219547,0
2025-08-26 05:36:33.089,1.6,,14.15,40.823833,Campi Flegrei,43869472,2025,8,2025-08-26,251.18864315095823,23.079478740198113,-0.4680621592557905,0
2025-08-26 05:44:42.250,1.2,,14.151667,40.8245,Campi Flegrei,43869962,2025,8,2025-08-26,63.0957344480193,386.14820365915426,-0.14840099069344478,0
2025-08-27 17:09:29.000,1.1,,14.140333,40.824,Campi Flegrei,43888592,2025,8,2025-08-27,44.66835921509632,15.772259964822815,-0.4744957458810184,0
2025-08-27 22:45:49.049,1.0,,14.078167,40.833167,Campi Flegrei,43889442,2025,8,2025-08-27,31.622776601683796,22.89754992162041,-0.468222337136038,0
2025-08-28 13:02:51.220,1.3,,14.141833,40.821167,Campi Flegrei,43894252,2025,8,2025-08-28,89.12509381337459,17.118202953044392,-0.4733107203503032,0
2025-08-28 19:53:23.569,3.0,,14.093,40.831,Campi Flegrei,43897202,2025,8,2025-08-28,31622.776601683792,22.894765185450517,-0.46822478893636427,0
2025-08-29 00:37:46.380,1.8,,14.144833,40.826667,Campi Flegrei,43898982,2025,8,2025-08-29,501.18723362727246,84.5649595450059,-0.4139277232807012,0
2025-08-29 10:03:29.210,2.3,,14.1395,40.821667,Campi Flegrei,43902632,2025,8,2025-08-29,2818.382931264452,42.24812971994665,-0.4511852625379089,0
2025-08-30 20:11:46.440,1.2,,14.139167,40.824667,Campi Flegrei,43919072,2025,8,2025-08-30,63.0957344480193,19.60585027937976,-0.4711204896949779,0
2025-08-30 20:11:58.009,1.1,,14.139833,40.825667,Campi Flegrei,43919162,2025,8,2025-08-30,44.66835921509632,430.31001982143107,-0.10951904688674528,0
2025-08-31 09:27:27.619,1.8,,14.124333,40.839667,Campi Flegrei,43921572,2025,8,2025-08-31,501.18723362727246,22.58780149713465,-0.4684950528411805,0
2025-08-31 14:09:21.269,1.2,,14.141833,40.826,Campi Flegrei,43924152,2025,8,2025-08-31,63.0957344480193,40.01764471260387,-0.45314907653501685,0
2025-08-31 14:10:13.079,3.3,,14.1415,40.818167,Campi Flegrei,43923702,2025,8,2025-08-31,89125.0938133744,429.1958296040582,-0.11050002740762505,0
2025-08-31 14:14:26.900,1.0,,14.142333,40.819833,Campi Flegrei,43924682,2025,8,2025-08-31,31.622776601683796,2831.7213592299936,2.0047857727463976,1
2025-08-31 14:15:21.440,1.0,,14.156167,40.817833,Campi Flegrei,43932152,2025,8,2025-08-31,31.622776601683796,2993.2875215377658,2.1470355031657955,1
2025-08-31 14:18:12.980,1.4,,14.141833,40.819333,Campi Flegrei,43924732,2025,8,2025-08-31,125.8925411794166,2812.833511990098,1.98815610760055,0
2025-08-31 14:18:36.500,1.3,,14.1405,40.820333,Campi Flegrei,43924742,2025,8,2025-08-31,89.12509381337459,3245.5172855166584,2.3691093298709056,1
2025-08-31 14:19:15.309,1.6,,14.151167,40.812167,Campi Flegrei,43924832,2025,8,2025-08-31,251.18864315095823,3564.4596389261924,2.6499197616085173,1
2025-08-31 14:34:00.630,1.4,,14.144667,40.818333,Campi Flegrei,43924672,2025,8,2025-08-31,125.8925411794166,2137.5174038693262,1.3935790442111102,0
2025-08-31 14:36:41.589,3.3,,14.149,40.818667,Campi Flegrei,43924192,2025,8,2025-08-31,89125.0938133744,2372.383227553877,1.600364918348631,0
2025-08-31 14:38:47.400,2.7,,14.146333,40.816333,Campi Flegrei,43924212,2025,8,2025-08-31,11220.184543019652,5091.737599675085,3.9946003252166484,1
2025-08-31 15:59:52.839,1.1,,14.148167,40.820667,Campi Flegrei,43925382,2025,8,2025-08-31,44.66835921509632,1091.2177739800643,0.47237228802077913,0
2025-08-31 18:31:35.180,1.3,,14.139167,40.820333,Campi Flegrei,43926332,2025,8,2025-08-31,89.12509381337459,415.48057620079055,-0.12257552063826854,0
2025-08-31 21:36:39.059,1.1,,14.149,40.8245,Campi Flegrei,43927062,2025,8,2025-08-31,44.66835921509632,244.84534044103816,-0.27281004957779476,0
2025-08-31 21:38:12.829,1.6,,14.141,40.824,Campi Flegrei,43927092,2025,8,2025-08-31,251.18864315095823,577.5297241345265,0.020099450896647875,0
2025-08-31 21:46:31.849,1.8,,14.143333,40.826667,Campi Flegrei,43927152,2025,8,2025-08-31,501.18723362727246,799.9755013750834,0.2159501871735005,0
2025-08-31 21:47:41.470,1.1,,14.147667,40.824,Campi Flegrei,43927172,2025,8,2025-08-31,44.66835921509632,1460.3488935978007,0.797371047074101,0
2025-08-31 22:33:31.019,2.8,,14.138333,40.820333,Campi Flegrei,43927452,2025,8,2025-08-31,15848.931924611108,561.9471103894887,0.006379854089992712,0
2025-08-31 22:38:39.950,1.3,,14.1425,40.820333,Campi Flegrei,43927872,2025,8,2025-08-31,89.12509381337459,1961.1285908792179,1.2382788208323843,0
2025-08-31 22:40:38.349,2.5,,14.139167,40.820333,Campi Flegrei,43927562,2025,8,2025-08-31,5623.413251903491,2187.9452532040027,1.4379778704939492,0
2025-08-31 22:45:44.119,1.3,,14.149,40.820333,Campi Flegrei,43927662,2025,8,2025-08-31,89.12509381337459,2828.429432344656,2.001887420112957,1
2025-08-31 22:54:27.940,1.1,,14.1425,40.817667,Campi Flegrei,43927782,2025,8,2025-08-31,44.66835921509632,2288.5722083913583,1.5265741275558624,0
2025-08-31 23:01:09.190,2.1,,14.1415,40.822833,Campi Flegrei,43173381,2025,8,2025-08-31,1412.5375446227554,2107.5674990384714,1.3672098724277264,0
2025-08-31 23:05:26.950,1.3,,14.142,40.823667,Campi Flegrei,43927852,2025,8,2025-08-31,89.12509381337459,2617.558600432183,1.8162277586813602,0
2025-08-31 23:29:36.930,2.8,,14.141333,40.818667,Campi Flegrei,43927942,2025,8,2025-08-31,15848.931924611108,1583.6784283067595,0.9059556220526158,0
2025-08-31 23:32:33.779,2.0,,14.137333,40.8175,Campi Flegrei,43928002,2025,8,2025-08-31,1000.0,3154.9034577533434,2.2893290566535027,1
2025-08-31 23:51:56.869,1.2,,14.144667,40.820333,Campi Flegrei,43928032,2025,8,2025-08-31,63.0957344480193,2135.0211549655583,1.3913812403606711,0
2025-08-31 23:54:31.380,2.3,,14.140167,40.8185,Campi Flegrei,43928042,2025,8,2025-08-31,2818.382931264452,2361.7527110809697,1.5910053588908193,0
2025-09-01 00:02:11.380,2.3,,14.139833,40.818833,Campi Flegrei,43928092,2025,9,2025-09-01,2818.382931264452,2715.5006665531646,1.9024601250594668,0
2025-09-01 00:03:11.369,1.8,,14.142167,40.820333,Campi Flegrei,43928272,2025,9,2025-09-01,501.18723362727246,3794.6183684468983,2.8525613095684426,1
2025-09-01 00:05:16.819,1.2,,14.142333,40.819333,Campi Flegrei,43928132,2025,9,2025-09-01,63.0957344480193,4128.148049000774,3.1462150454000732,1
2025-09-01 01:05:39.460,1.4,,14.1565,40.827667,Campi Flegrei,43928372,2025,9,2025-09-01,125.8925411794166,1390.2921389500093,0.7356900965559935,0
2025-09-01 02:55:45.400,4.0,,14.137167,40.823,Campi Flegrei,43928662,2025,9,2025-09-01,1000000.0,711.872657837544,0.13838069141161172,0
2025-09-01 02:56:35.019,1.3,,14.141667,40.816167,Campi Flegrei,43928942,2025,9,2025-09-01,89.12509381337459,7127.070145034681,5.786593783226153,1
2025-09-01 02:56:53.609,1.4,,14.140333,40.8235,Campi Flegrei,43928952,2025,9,2025-09-01,125.8925411794166,7418.922504025062,6.043553030110796,1
2025-09-01 02:59:06.069,1.9,,14.138167,40.825333,Campi Flegrei,43928762,2025,9,2025-09-01,707.9457843841374,6851.109569647151,5.5436263394585685,1
2025-09-01 03:04:28.099,1.6,,14.135167,40.824167,Campi Flegrei,43928772,2025,9,2025-09-01,251.18864315095823,5726.515546498462,4.553485864874357,1
2025-09-01 03:10:05.759,1.1,,14.140167,40.821167,Campi Flegrei,43928832,2025,9,2025-09-01,44.66835921509632,4945.527603976538,3.865870817901123,1
2025-09-01 03:10:53.779,1.7,,14.1455,40.822167,Campi Flegrei,43928852,2025,9,2025-09-01,354.8133892335753,5150.141041818158,4.046021203089523,1
2025-09-01 04:40:56.230,1.8,,14.133167,40.823667,Campi Flegrei,43929192,2025,9,2025-09-01,501.18723362727246,1317.0467798955463,0.6712017629151803,0
2025-09-01 06:07:45.589,1.0,,14.133333,40.825333,Campi Flegrei,43929722,2025,9,2025-09-01,31.622776601683796,882.4476544555283,0.28856218324513255,0
2025-09-01 08:24:22.210,2.7,,14.151667,40.830167,Campi Flegrei,43930672,2025,9,2025-09-01,11220.184543019652,565.8216245411097,0.009791141365135984,0
2025-09-01 08:25:09.160,1.4,,14.147,40.831,Campi Flegrei,43930892,2025,9,2025-09-01,125.8925411794166,2320.585854987181,1.5547603054841512,0
2025-09-01 08:52:55.619,1.7,,14.144333,40.8285,Campi Flegrei,43930932,2025,9,2025-09-01,354.8133892335753,1167.3212362857241,0.539377017490931,0
2025-09-01 09:34:59.880,1.9,,14.147167,40.828667,Campi Flegrei,43931362,2025,9,2025-09-01,707.9457843841374,888.9274695400654,0.29426728842171695,0
2025-09-01 09:54:02.210,1.0,,14.1495,40.832667,Campi Flegrei,43931572,2025,9,2025-09-01,31.622776601683796,1074.4698902193104,0.4576267378632877,0
2025-09-01 10:53:42.710,1.4,,14.150833,40.8345,Campi Flegrei,43931982,2025,9,2025-09-01,125.8925411794166,713.7251697395582,0.14001172178886517,0
2025-09-01 15:22:01.250,3.3,,14.147,40.829,Campi Flegrei,43933792,2025,9,2025-09-01,89125.0938133744,358.89852646584745,-0.17239276706168893,0
2025-09-02 02:10:10.839,1.0,,14.149,40.8265,Campi Flegrei,43936032,2025,9,2025-09-02,31.622776601683796,210.726455368295,-0.3028497691235419,0
2025-09-04 07:07:38.500,1.8,,14.138,40.824333,Campi Flegrei,43954972,2025,9,2025-09-04,501.18723362727246,56.98055254029334,-0.4382142100310927,0
2025-09-06 00:13:13.920,1.0,,14.149,40.829,Campi Flegrei,43970972,2025,9,2025-09-06,31.622776601683796,38.28699029780694,-0.4546728183905982,0
2025-09-06 05:18:11.730,1.2,,14.133167,40.826667,Campi Flegrei,43971912,2025,9,2025-09-06,63.0957344480193,44.83852462094778,-0.44890456854181543,0
2025-09-06 14:38:23.339,1.3,,14.138,40.838167,Campi Flegrei,43976202,2025,9,2025-09-06,89.12509381337459,41.253579041236144,-0.452060907313487,0
2025-09-07 15:28:33.769,1.1,,14.132667,40.841833,Campi Flegrei,43985182,2025,9,2025-09-07,44.66835921509632,31.839996695006977,-0.46034902613679013,0
2025-09-08 16:05:02.200,1.2,,14.138833,40.815833,Campi Flegrei,43993762,2025,9,2025-09-08,63.0957344480193,27.606830348200866,-0.4640760860796174,0
2025-09-12 15:11:31.720,1.8,,14.122333,40.8365,Campi Flegrei,44029102,2025,9,2025-09-12,501.18723362727246,17.26381168060742,-0.47318252022506224,0
2025-09-12 16:00:57.680,2.1,,14.128833,40.835833,Campi Flegrei,44029642,2025,9,2025-09-12,1412.5375446227554,144.505204188723,-0.361153779033643,0
2025-09-12 19:27:29.759,1.4,,14.1255,40.839833,Campi Flegrei,44030692,2025,9,2025-09-12,125.8925411794166,78.21488542889159,-0.41951859898300164,0
2025-09-15 18:32:34.309,2.0,,14.147333,40.824333,Campi Flegrei,44054162,2025,9,2025-09-15,1000.0,15.858465327257067,-0.47441984700843387,0
2025-09-17 18:14:08.359,1.0,,14.1425,40.824833,Campi Flegrei,44067572,2025,9,2025-09-17,31.622776601683796,14.832737950933868,-0.4753229410764097,0
2025-09-20 01:10:00.470,1.2,,14.119167,40.825333,Campi Flegrei,44085532,2025,9,2025-09-20,63.0957344480193,12.510692858094064,-0.477367368472345,0
2025-09-20 19:39:04.500,1.3,,14.118,40.827333,Campi Flegrei,44091702,2025,9,2025-09-20,89.12509381337459,13.998339171579053,-0.4760575812989051,0
2025-09-22 02:08:02.980,1.0,,14.143667,40.8275,Campi Flegrei,44100392,2025,9,2025-09-22,31.622776601683796,12.882147799674177,-0.4770403237214642,0
2025-09-24 16:54:36.079,1.1,,14.120333,40.834167,Campi Flegrei,44123992,2025,9,2025-09-24,44.66835921509632,10.466995152453224,-0.4791667269737394,0
2025-09-24 19:32:48.279,1.1,,14.142667,40.820333,Campi Flegrei,44124122,2025,9,2025-09-24,44.66835921509632,29.533912293257714,-0.4623794010605215,0
2025-09-24 20:02:57.319,1.0,,14.140667,40.819667,Campi Flegrei,44124172,2025,9,2025-09-24,31.622776601683796,123.45214781060338,-0.3796897865213188,0
2025-09-24 22:20:00.079,1.7,,14.1425,40.821333,Campi Flegrei,44124382,2025,9,2025-09-24,354.8133892335753,57.08846321402107,-0.4381192008780133,0
2025-09-24 22:51:04.019,1.3,,14.144833,40.820333,Campi Flegrei,44124612,2025,9,2025-09-24,89.12509381337459,222.13308173729936,-0.29280688945858613,0
2025-09-24 22:54:54.279,1.7,,14.145167,40.821167,Campi Flegrei,44124652,2025,9,2025-09-24,354.8133892335753,552.4040022991317,-0.0020223047149587193,0
2025-09-24 23:09:24.420,1.4,,14.146333,40.820833,Campi Flegrei,44124692,2025,9,2025-09-24,125.8925411794166,630.6896211662335,0.0669036883302153,0
2025-09-25 00:06:22.869,1.1,,14.145167,40.820333,Campi Flegrei,44124802,2025,9,2025-09-25,44.66835921509632,297.61027743233404,-0.22635355178520414,0
2025-09-25 04:15:57.640,1.0,,14.140833,40.821667,Campi Flegrei,44125332,2025,9,2025-09-25,31.622776601683796,87.22947465816776,-0.41158177069303203,0
2025-09-25 05:50:00.170,1.2,,14.103667,40.829667,Campi Flegrei,44125692,2025,9,2025-09-25,63.0957344480193,98.43098502532916,-0.4017194838920157,0
2025-09-25 07:25:44.309,1.0,,14.103,40.828667,Campi Flegrei,44126432,2025,9,2025-09-25,31.622776601683796,106.65130723120615,-0.3944819621173815,0
2025-09-25 13:18:06.369,1.5,,14.149,40.820333,Campi Flegrei,44129422,2025,9,2025-09-25,177.82794100389228,53.284395825649256,-0.44146846382245525,0
2025-09-27 23:59:23.180,1.1,,14.144833,40.826833,Campi Flegrei,44286862,2025,9,2025-09-27,44.66835921509632,14.623399080545264,-0.4755072519336693,0
2025-09-28 07:18:33.059,1.0,,14.127,40.805167,Campi Flegrei,44288392,2025,9,2025-09-28,31.622776601683796,19.843706740421712,-0.4709110707363393,0
2025-09-28 22:21:52.029,1.1,,14.145833,40.820333,Campi Flegrei,44292562,2025,9,2025-09-28,44.66835921509632,16.536917471401626,-0.4738225088453649,0
2025-09-29 05:07:59.440,2.0,,14.126,40.818833,Campi Flegrei,44293292,2025,9,2025-09-29,1000.0,21.406210614467565,-0.46953537577838833,0
2025-09-29 11:17:07.990,1.2,,14.13,40.822833,Campi Flegrei,44295732,2025,9,2025-09-29,63.0957344480193,35.00468106708808,-0.45756270323129544,0
2025-09-29 13:11:52.109,1.2,,14.138333,40.8305,Campi Flegrei,44296312,2025,9,2025-09-29,63.0957344480193,59.409018967011086,-0.4360760847603129,0
2025-09-29 15:47:59.930,1.0,,14.1305,40.835167,Campi Flegrei,44296992,2025,9,2025-09-29,31.622776601683796,58.04585283531576,-0.43727627428007837,0
2025-09-30 15:35:53.700,1.3,,14.143333,40.827333,Campi Flegrei,44303552,2025,9,2025-09-30,89.12509381337459,18.78243738991926,-0.47184545747211987,0
2025-10-02 12:41:42.940,1.6,,14.135167,40.838167,Campi Flegrei,44320522,2025,10,2025-10-02,251.18864315095823,12.990987591162316,-0.47694449653353727,0
2025-10-02 14:38:03.359,1.6,,14.136667,40.839,Campi Flegrei,44321682,2025,10,2025-10-02,251.18864315095823,56.89760328235085,-0.4382872420906048,0
2025-10-02 14:46:57.980,1.0,,14.1355,40.8355,Campi Flegrei,44321782,2025,10,2025-10-02,31.622776601683796,402.7094285272575,-0.13381978297486924,0
2025-10-02 14:48:08.650,1.4,,14.110833,40.841167,Campi Flegrei,44322082,2025,10,2025-10-02,125.8925411794166,693.0819596626193,0.12183656044015563,0
2025-10-02 17:56:04.079,1.1,,14.127,40.8365,Campi Flegrei,44205571,2025,10,2025-10-02,44.66835921509632,87.33880949607045,-0.41148550764515773,0
2025-10-02 17:57:03.690,2.7,,14.126,40.833667,Campi Flegrei,44324532,2025,10,2025-10-02,11220.184543019652,435.4915302329303,-0.10495702443926642,0
2025-10-02 18:20:18.019,1.6,,14.1275,40.836833,Campi Flegrei,44325282,2025,10,2025-10-02,251.18864315095823,784.1992734827187,0.2020601242254874,0
2025-10-02 18:31:01.460,2.2,,14.132667,40.839833,Campi Flegrei,44325302,2025,10,2025-10-02,1995.262314968881,917.3263248881343,0.3192708501810591,0
2025-10-02 19:31:59.509,2.4,,14.148667,40.833333,Campi Flegrei,44325882,2025,10,2025-10-02,3981.071705534969,486.4654515643423,-0.06007741311322491,0
2025-10-02 19:33:26.670,2.0,,14.145,40.834333,Campi Flegrei,44325942,2025,10,2025-10-02,1000.0,1712.0464769125279,1.0189763192568366,0
2025-10-02 19:36:56.859,1.9,,14.146,40.835167,Campi Flegrei,44326032,2025,10,2025-10-02,707.9457843841374,2145.1638296031347,1.4003112830894109,0
2025-10-02 19:46:52.170,2.0,,14.145333,40.835333,Campi Flegrei,44326172,2025,10,2025-10-02,1000.0,1873.0980095798875,1.1607729478226727,0
2025-10-03 00:38:58.539,1.3,,14.129667,40.837833,Campi Flegrei,44328422,2025,10,2025-10-03,89.12509381337459,207.68502171730182,-0.3055275768449267,0
2025-10-03 01:00:46.819,1.2,,14.112667,40.796333,Campi Flegrei,44328652,2025,10,2025-10-03,63.0957344480193,347.03387093053794,-0.18283891511218087,0
2025-10-03 01:42:06.559,1.0,,14.130833,40.836667,Campi Flegrei,44328932,2025,10,2025-10-03,31.622776601683796,317.1617511900554,-0.20913960158912398,0
2025-10-03 03:11:24.900,2.2,,14.120167,40.839,Campi Flegrei,44329452,2025,10,2025-10-03,1995.262314968881,223.74279845194843,-0.2913896263049672,0
2025-10-03 04:13:00.279,2.2,,14.114667,40.836667,Campi Flegrei,44330012,2025,10,2025-10-03,1995.262314968881,331.3459459092897,-0.19665123245163244,0
2025-10-03 05:18:37.029,1.2,,14.140167,40.8315,Campi Flegrei,44330832,2025,10,2025-10-03,63.0957344480193,366.4211215612082,-0.16576955395144055,0
2025-10-03 23:00:22.130,1.8,,14.1165,40.837167,Campi Flegrei,44339812,2025,10,2025-10-03,501.18723362727246,62.13905041146865,-0.43367244880422207,0
2025-10-04 02:03:43.700,1.2,,14.085333,40.839,Campi Flegrei,44340032,2025,10,2025-10-04,63.0957344480193,88.12260135648143,-0.4107954239094557,0
2025-10-04 17:59:01.869,1.5,,14.140333,40.8285,Campi Flegrei,44343992,2025,10,2025-10-04,177.82794100389228,42.90686165460969,-0.45060528688715373,0
2025-10-04 21:33:49.539,1.1,,14.129167,40.824167,Campi Flegrei,44345022,2025,10,2025-10-04,44.66835921509632,59.50812104426583,-0.4359888310707276,0
2025-10-04 22:50:25.789,3.3,,14.133167,40.826,Campi Flegrei,44345642,2025,10,2025-10-04,89125.0938133744,93.72114511831273,-0.4058662275388405,0
2025-10-04 22:51:09.140,1.2,,14.133833,40.8225,Campi Flegrei,44346112,2025,10,2025-10-04,63.0957344480193,3305.6821120673385,2.422081005593826,1
2025-10-04 22:51:34.910,1.5,,14.134,40.825,Campi Flegrei,44346152,2025,10,2025-10-04,177.82794100389228,3601.25445043195,2.682315480753941,1
2025-10-04 23:03:19.759,1.4,,14.135833,40.827333,Campi Flegrei,44345842,2025,10,2025-10-04,125.8925411794166,2143.6506915328737,1.398979051887608,0
2025-10-05 00:02:11.410,1.9,,14.165833,40.815167,Campi Flegrei,44346162,2025,10,2025-10-05,707.9457843841374,655.1716776314968,0.08845873353616718,0
2025-10-05 03:49:43.450,1.0,,14.138333,40.825,Campi Flegrei,44346752,2025,10,2025-10-05,31.622776601683796,198.35700362529985,-0.3137403612546157,0
2025-10-06 06:06:12.680,1.5,,14.138167,40.823667,Campi Flegrei,44353132,2025,10,2025-10-06,177.82794100389228,43.93968322990635,-0.44969594678425884,0
2025-10-08 12:12:35.769,1.7,,14.137833,40.8355,Campi Flegrei,44376682,2025,10,2025-10-08,354.8133892335753,22.707584429056322,-0.46838959084634624,0
2025-10-09 00:09:35.279,1.1,,14.082667,40.833333,Campi Flegrei,44379682,2025,10,2025-10-09,44.66835921509632,26.86944327027796,-0.4647253130684313,0
2025-10-09 23:22:22.259,1.2,,14.101,40.841667,Campi Flegrei,44386562,2025,10,2025-10-09,63.0957344480193,21.116422064038588,-0.4697905179603176,0
2025-10-09 23:54:05.460,1.1,,14.15,40.824,Campi Flegrei,44386692,2025,10,2025-10-09,44.66835921509632,124.15631825409282,-0.3790698048721609,0
2025-10-10 00:23:13.569,1.3,,14.154333,40.828167,Campi Flegrei,44386772,2025,10,2025-10-10,89.12509381337459,178.23964270413754,-0.33145254261059637,0
2025-10-10 00:30:14.619,1.0,,14.152333,40.825333,Campi Flegrei,44386792,2025,10,2025-10-10,31.622776601683796,442.1858626064769,-0.09906304910511908,0
2025-10-10 13:10:26.309,1.1,,14.104167,40.8075,Campi Flegrei,44392042,2025,10,2025-10-10,44.66835921509632,31.462722470892125,-0.4606811944318586,0
2025-10-10 16:15:11.549,1.2,,14.1315,40.835167,Campi Flegrei,44393272,2025,10,2025-10-10,63.0957344480193,44.353655917863684,-0.44933146759863113,0
2025-10-10 19:56:25.069,1.2,,14.1245,40.799167,Campi Flegrei,44394242,2025,10,2025-10-10,63.0957344480193,46.76459666953864,-0.4472087726785797,0
2025-10-11 02:05:15.319,1.1,,14.108833,40.8345,Campi Flegrei,44395342,2025,10,2025-10-11,44.66835921509632,38.71240786167021,-0.45429826264878426,0
2025-10-11 02:28:42.400,1.4,,14.145167,40.826333,Campi Flegrei,44395462,2025,10,2025-10-11,125.8925411794166,156.01420702922928,-0.35102076276294986,0
2025-10-11 02:38:11.799,1.1,,14.141667,40.823,Campi Flegrei,44395512,2025,10,2025-10-11,44.66835921509632,405.31348812000937,-0.13152705800217748,0
2025-10-11 02:52:04.019,1.0,,14.128,40.834333,Campi Flegrei,44395542,2025,10,2025-10-11,31.622776601683796,431.42521137955134,-0.10853718474282428,0
2025-10-11 02:53:21.359,1.1,,14.134167,40.839667,Campi Flegrei,44395602,2025,10,2025-10-11,44.66835921509632,722.8641341441102,0.1480580552803023,0
2025-10-11 03:32:33.859,1.2,,14.151667,40.826833,Campi Flegrei,44396562,2025,10,2025-10-11,63.0957344480193,342.582511431207,-0.18675808159936547,0
2025-10-11 04:00:31.880,1.8,,14.139833,40.829167,Campi Flegrei,44396692,2025,10,2025-10-11,501.18723362727246,349.2953502945505,-0.18084781236340722,0
2025-10-11 04:01:21.789,1.6,,14.141333,40.826667,Campi Flegrei,44396622,2025,10,2025-10-11,251.18864315095823,1055.723833776387,0.4411219113739827,0
2025-10-11 04:01:31.190,1.1,,14.146333,40.822667,Campi Flegrei,44396702,2025,10,2025-10-11,44.66835921509632,1659.9622547577214,0.9731191517980238,0
2025-10-11 10:20:53.160,1.9,,14.210167,40.798333,Campi Flegrei,44399332,2025,10,2025-10-11,707.9457843841374,97.30942611763211,-0.40270695212169033,0
2025-10-11 14:33:24.230,1.3,,14.128833,40.836333,Campi Flegrei,44401522,2025,10,2025-10-11,89.12509381337459,90.36418254831011,-0.4088218403589385,0
2025-10-11 14:34:02.160,1.5,,14.127167,40.834167,Campi Flegrei,44401552,2025,10,2025-10-11,177.82794100389228,528.4702562654227,-0.02309459406435834,0
2025-10-11 15:49:03.420,1.2,,14.1275,40.834,Campi Flegrei,44402142,2025,10,2025-10-11,63.0957344480193,192.47687064005723,-0.3189174807704435,0
2025-10-11 16:20:44.500,1.1,,14.138333,40.820833,Campi Flegrei,44402362,2025,10,2025-10-11,44.66835921509632,257.22193403569133,-0.2619131694563489,0
2025-10-11 20:38:39.069,1.0,,14.140833,40.827667,Campi Flegrei,44403602,2025,10,2025-10-11,31.622776601683796,97.5515687606306,-0.40249375942590815,0
2025-10-11 21:11:44.009,1.7,,14.138333,40.8315,Campi Flegrei,44403662,2025,10,2025-10-11,354.8133892335753,172.9463574712969,-0.3361129763712882,0
2025-10-11 21:11:55.130,1.0,,14.136167,40.831167,Campi Flegrei,44403742,2025,10,2025-10-11,31.622776601683796,849.6427399446253,0.25967933934420473,0
2025-10-11 21:53:18.349,1.3,,14.137,40.8285,Campi Flegrei,44403912,2025,10,2025-10-11,89.12509381337459,325.3271199975476,-0.2019504631269,0
2025-10-12 06:37:47.869,1.3,,14.083667,40.829,Campi Flegrei,44405272,2025,10,2025-10-12,89.12509381337459,72.03104340370533,-0.4249631168726029,0
2025-10-12 13:35:50.480,2.5,,14.092,40.832167,Campi Flegrei,44408162,2025,10,2025-10-12,5623.413251903491,59.123615480598005,-0.4363273661451222,0
2025-10-12 14:00:11.130,1.8,,14.119,40.838667,Campi Flegrei,44408322,2025,10,2025-10-12,501.18723362727246,524.5772690826628,-0.02652214578288498,0
2025-10-12 14:13:45.220,1.4,,14.088833,40.832,Campi Flegrei,44408442,2025,10,2025-10-12,125.8925411794166,725.2916353371357,0.1501953307182301,0
2025-10-12 14:29:05.950,1.2,,14.083833,40.830667,Campi Flegrei,44408572,2025,10,2025-10-12,63.0957344480193,711.6242679463335,0.13816199837243254,0
2025-10-12 15:01:55.400,2.5,,14.139,40.829833,Campi Flegrei,44408742,2025,10,2025-10-12,5623.413251903491,494.4329303717219,-0.05306250543526061,0
2025-10-12 15:02:12.329,1.5,,14.139167,40.830833,Campi Flegrei,44409242,2025,10,2025-10-12,177.82794100389228,1989.0015197836997,1.2628193345515175,0
2025-10-12 15:04:04.220,2.0,,14.136,40.829667,Campi Flegrei,44290481,2025,10,2025-10-12,1000.0,2261.727363712888,1.5029387829755492,0
2025-10-13 16:08:35.450,2.2,,14.140167,40.827333,Campi Flegrei,44416662,2025,10,2025-10-13,1995.262314968881,52.802767586110186,-0.44189250983715417,0
2025-10-13 18:40:26.450,1.2,,14.158667,40.825833,Campi Flegrei,44417262,2025,10,2025-10-13,63.0957344480193,109.5440536528217,-0.39193506496534897,0
2025-10-14 01:52:49.390,1.4,,14.084,40.824667,Campi Flegrei,44418542,2025,10,2025-10-14,125.8925411794166,61.73245983310164,-0.4340304284661614,0
2025-10-14 02:44:43.380,1.2,,14.139833,40.814833,Campi Flegrei,44418862,2025,10,2025-10-14,63.0957344480193,140.50116106287086,-0.364679109134355,0
2025-10-14 17:33:21.210,1.1,,14.092833,40.811333,Campi Flegrei,44425282,2025,10,2025-10-14,44.66835921509632,44.83792828228914,-0.4489050935837687,0
2025-10-14 17:58:22.490,1.3,,14.149,40.825,Campi Flegrei,44425392,2025,10,2025-10-14,89.12509381337459,157.04474822787154,-0.350113430400783,0
2025-10-15 00:51:10.559,2.1,,14.138667,40.8065,Campi Flegrei,44426282,2025,10,2025-10-15,1412.5375446227554,52.085289139775206,-0.44252420841880674,0
2025-10-15 03:31:56.289,1.0,,14.151833,40.826167,Campi Flegrei,44426682,2025,10,2025-10-15,31.622776601683796,97.12758227635618,-0.4028670551843023,0
2025-10-15 14:30:51.920,1.3,,14.099333,40.8345,Campi Flegrei,44432602,2025,10,2025-10-15,89.12509381337459,46.28155273099188,-0.4476340651349798,0
2025-10-15 17:26:33.890,1.6,,14.137833,40.827833,Campi Flegrei,44433962,2025,10,2025-10-15,251.18864315095823,63.04682426707482,-0.4328732060395411,0
2025-10-15 21:34:50.509,1.5,,14.142167,40.8245,Campi Flegrei,44434732,2025,10,2025-10-15,177.82794100389228,64.87465485833948,-0.4312639061394517,0
2025-10-16 04:04:02.700,1.1,,14.118167,40.8405,Campi Flegrei,44435822,2025,10,2025-10-16,44.66835921509632,54.11715566244876,-0.44073526659478846,0
2025-10-16 21:38:37.230,1.2,,14.125833,40.803,Campi Flegrei,44443272,2025,10,2025-10-16,63.0957344480193,34.866689495556315,-0.4576841968879508,0
2025-10-17 02:02:08.920,1.4,,14.152833,40.8265,Campi Flegrei,44443962,2025,10,2025-10-17,125.8925411794166,44.28874415827257,-0.44938861867637536,0
2025-10-17 13:57:16.009,1.2,,14.1285,40.832833,Campi Flegrei,44447802,2025,10,2025-10-17,63.0957344480193,34.91057991199092,-0.4576455538960233,0
2025-10-17 21:15:16.359,2.5,,14.105667,40.8405,Campi Flegrei,44449562,2025,10,2025-10-17,5623.413251903491,36.720572681231225,-0.45605195917415925,0
2025-10-18 06:50:47.430,1.5,,14.141667,40.828167,Campi Flegrei,44451152,2025,10,2025-10-18,177.82794100389228,46.74970863614373,-0.4472218807372639,0
2025-10-18 09:21:43.950,1.4,,14.129333,40.8355,Campi Flegrei,44452172,2025,10,2025-10-18,125.8925411794166,71.509566630615,-0.4254222472333945,0
2025-10-18 12:38:39.819,1.1,,14.144333,40.828667,Campi Flegrei,44330261,2025,10,2025-10-18,44.66835921509632,68.92955101377768,-0.42769380286565506,0
2025-10-18 22:53:53.349,1.0,,14.132667,40.835667,Campi Flegrei,44457152,2025,10,2025-10-18,31.622776601683796,41.136355255728986,-0.4521641161268236,0
2025-10-18 22:54:13.960,1.2,,14.130167,40.833167,Campi Flegrei,44456912,2025,10,2025-10-18,63.0957344480193,373.2804340131611,-0.1597303231297416,0
2025-10-18 22:59:01.349,2.9,,14.1245,40.8355,Campi Flegrei,44456952,2025,10,2025-10-18,22387.21138568338,573.3600184100017,0.01642826438847301,0
2025-10-18 22:59:47.880,1.2,,14.1255,40.834,Campi Flegrei,44457182,2025,10,2025-10-18,63.0957344480193,2693.892531923116,1.8834354030379383,0
2025-10-18 23:05:06.460,1.3,,14.133667,40.836833,Campi Flegrei,44457032,2025,10,2025-10-18,89.12509381337459,2206.011910966337,1.4538845254491863,0
2025-10-19 07:50:14.240,1.5,,14.157333,40.820333,Campi Flegrei,44458992,2025,10,2025-10-19,177.82794100389228,82.39367384786168,-0.41583941568380406,0
2025-10-19 08:08:40.839,1.0,,14.119,40.837,Campi Flegrei,44459192,2025,10,2025-10-19,31.622776601683796,289.59358698544344,-0.23341178748652397,0
2025-10-19 14:39:12.599,1.1,,14.131,40.8315,Campi Flegrei,44461942,2025,10,2025-10-19,44.66835921509632,70.41983056556617,-0.4263816972770627,0
2025-10-19 16:55:01.920,1.0,,14.099833,40.803167,Campi Flegrei,44463022,2025,10,2025-10-19,31.622776601683796,83.79347331527511,-0.4146069726150539,0
2025-10-19 21:57:52.940,2.2,,14.142167,40.827333,Campi Flegrei,44463912,2025,10,2025-10-19,1995.262314968881,63.6464129764167,-0.4323453026032763,0
2025-10-20 02:47:51.450,2.5,,14.142333,40.843333,Campi Flegrei,44465502,2025,10,2025-10-20,5623.413251903491,78.95903922043166,-0.418863414291324,0
2025-10-20 05:15:45.029,1.1,,14.147333,40.8315,Campi Flegrei,44466052,2025,10,2025-10-20,44.66835921509632,147.56743630616404,-0.35845765945658814,0
2025-10-20 09:45:22.539,1.8,,14.13,40.834,Campi Flegrei,44468172,2025,10,2025-10-20,501.18723362727246,87.31521357550506,-0.4115062824985768,0
2025-10-20 10:05:04.059,1.3,,14.1385,40.8315,Campi Flegrei,44468272,2025,10,2025-10-20,89.12509381337459,354.71606520230574,-0.17607518408967426,0
2025-10-20 23:49:25.299,1.3,,14.145667,40.814833,Campi Flegrei,44472252,2025,10,2025-10-20,89.12509381337459,53.8967414878744,-0.4409293286215517,0
2025-10-21 03:46:36.380,1.0,,14.084333,40.819167,Campi Flegrei,44472562,2025,10,2025-10-21,31.622776601683796,62.50445435197073,-0.43335073161240323,0
2025-10-21 05:13:10.339,1.0,,14.134,40.8305,Campi Flegrei,44473002,2025,10,2025-10-21,31.622776601683796,89.25395275619888,-0.4097993339527429,0
2025-10-22 01:59:25.430,1.4,,14.105667,40.805167,Campi Flegrei,44477942,2025,10,2025-10-22,125.8925411794166,36.612881111544965,-0.45614677541870885,0
2025-10-22 04:59:04.250,2.8,,14.098,40.811333,Campi Flegrei,44478542,2025,10,2025-10-22,15848.931924611108,57.31441670813838,-0.4379202617984041,0
2025-10-22 06:36:43.619,1.1,,14.115667,40.810667,Campi Flegrei,44479312,2025,10,2025-10-22,44.66835921509632,223.86193516405183,-0.29128473326958343,0
2025-10-22 11:57:53.019,1.2,,14.1375,40.8225,Campi Flegrei,44482172,2025,10,2025-10-22,63.0957344480193,80.6433692515472,-0.4173804583960973,0
2025-10-22 12:13:21.950,1.3,,14.0915,40.812833,Campi Flegrei,44482412,2025,10,2025-10-22,89.12509381337459,252.23977562933229,-0.2662996739080748,0
2025-10-23 09:49:08.279,1.2,,14.142167,40.830833,Campi Flegrei,44490402,2025,10,2025-10-23,63.0957344480193,38.565877977755626,-0.4544272737993093,0
2025-10-23 21:29:11.279,1.2,,14.148167,40.823,Campi Flegrei,44501092,2025,10,2025-10-23,63.0957344480193,35.68828611107378,-0.4569608282357437,0
2025-10-23 22:24:38.069,1.1,,14.145833,40.820333,Campi Flegrei,44501812,2025,10,2025-10-23,44.66835921509632,97.67645337153124,-0.40238380569561966,0
2025-10-24 08:06:28.750,1.1,,14.084333,40.82,Campi Flegrei,44506012,2025,10,2025-10-24,44.66835921509632,38.57241942117629,-0.45442151443392076,0
2025-10-24 12:25:33.750,1.7,,14.139,40.8355,Campi Flegrei,44508932,2025,10,2025-10-24,354.8133892335753,45.16079691105902,-0.44862082629198324,0
2025-10-24 12:44:12.569,1.0,,14.129167,40.834167,Campi Flegrei,44509322,2025,10,2025-10-24,31.622776601683796,297.92560247326605,-0.22607592618943353,0
2025-10-24 20:33:40.289,1.2,,14.132167,40.8315,Campi Flegrei,44512172,2025,10,2025-10-24,63.0957344480193,47.51973659274497,-0.4465439153286825,0
2025-10-25 02:37:49.559,1.5,,14.140167,40.838667,Campi Flegrei,44512972,2025,10,2025-10-25,177.82794100389228,45.298252419077954,-0.4484998046084756,0
2025-10-25 22:51:49.289,2.8,,14.1415,40.834333,Campi Flegrei,44524112,2025,10,2025-10-25,15848.931924611108,30.655397245597158,-0.4613919979442934,0
2025-10-25 22:52:13.339,1.4,,14.140167,40.8315,Campi Flegrei,44524092,2025,10,2025-10-25,125.8925411794166,2029.2041774277968,1.298215466577741,0
2025-10-25 22:52:44.009,1.9,,14.136833,40.832333,Campi Flegrei,44523832,2025,10,2025-10-25,707.9457843841374,2439.954072261267,1.659857167879985,0
2025-10-25 22:53:16.700,1.0,,14.133833,40.833167,Campi Flegrei,44524382,2025,10,2025-10-25,31.622776601683796,3143.305729622085,2.27911792285801,1
2025-10-25 22:54:42.789,1.1,,14.140833,40.833,Campi Flegrei,44523852,2025,10,2025-10-25,44.66835921509632,3135.3284217649807,2.272094361266048,1
2025-10-25 22:57:53.789,1.7,,14.136833,40.834167,Campi Flegrei,44523872,2025,10,2025-10-25,354.8133892335753,2850.3532727591587,2.0211901029530686,1
2025-10-25 22:58:08.279,1.4,,14.134167,40.8305,Campi Flegrei,44524392,2025,10,2025-10-25,125.8925411794166,3484.684817628317,2.579682611317967,1
2025-10-26 00:16:40.549,1.2,,14.123667,40.8175,Campi Flegrei,44524432,2025,10,2025-10-26,63.0957344480193,568.1943266386711,0.01188016934551657,0
2025-10-26 06:26:48.019,1.0,,14.091,40.816667,Campi Flegrei,44526392,2025,10,2025-10-26,31.622776601683796,117.50969564590989,-0.384921774496917,0
2025-10-27 02:52:52.359,1.0,,14.084667,40.820333,Campi Flegrei,44538402,2025,10,2025-10-27,31.622776601683796,43.356648273353365,-0.45020927559154184,0
2025-10-27 04:39:17.589,1.4,,14.120333,40.8335,Campi Flegrei,44538592,2025,10,2025-10-27,125.8925411794166,68.16609469578415,-0.4283659823237193,0
2025-10-28 04:13:28.450,2.0,,14.1,40.813833,Campi Flegrei,44547042,2025,10,2025-10-28,1000.0,32.22175583688007,-0.4600129091291141,0
2025-10-28 20:44:32.180,1.3,,14.15,40.824333,Campi Flegrei,44551602,2025,10,2025-10-28,89.12509381337459,32.29576330518871,-0.4599477498020276,0
2025-10-28 23:25:33.539,1.1,,14.109,40.833167,Campi Flegrei,44551882,2025,10,2025-10-28,44.66835921509632,53.67216711831549,-0.44112705346116265,0
2025-10-29 04:00:30.869,1.0,,14.116,40.8075,Campi Flegrei,44552242,2025,10,2025-10-29,31.622776601683796,46.376425340403806,-0.44755053524901695,0
2025-10-30 13:23:10.349,1.0,,14.093333,40.833167,Campi Flegrei,44564352,2025,10,2025-10-30,31.622776601683796,24.191663798176307,-0.4670829441626418,0
2025-10-30 17:03:42.319,1.4,,14.142667,40.829167,Campi Flegrei,44565772,2025,10,2025-10-30,125.8925411794166,35.40541868396231,-0.45720987676593267,0
2025-10-31 02:30:55.019,2.0,,14.114,40.832833,Campi Flegrei,44567172,2025,10,2025-10-31,1000.0,30.587715099240693,-0.46145158818853704,0
2025-10-31 16:04:28.670,1.6,,14.0805,40.825,Campi Flegrei,44571112,2025,10,2025-10-31,251.18864315095823,30.547867521172684,-0.46148667169338164,0
2025-10-31 18:23:20.599,1.1,,14.078167,40.8345,Campi Flegrei,44571662,2025,10,2025-10-31,44.66835921509632,65.16240834142812,-0.43101055571748265,0
2025-10-31 20:10:16.509,1.1,,14.1185,40.813,Campi Flegrei,44571862,2025,10,2025-10-31,44.66835921509632,76.16786264248012,-0.42132088502712206,0
2025-10-31 20:14:51.549,1.0,,14.117833,40.814333,Campi Flegrei,44571902,2025,10,2025-10-31,31.622776601683796,345.2721623180242,-0.1843899984060344,0
2025-10-31 20:18:55.869,1.0,,14.1175,40.808833,Campi Flegrei,44571922,2025,10,2025-10-31,31.622776601683796,540.8646657776234,-0.0121820280503214,0
2025-10-31 21:04:05.690,1.2,,14.082333,40.8305,Campi Flegrei,44572102,2025,10,2025-10-31,63.0957344480193,239.25344949086303,-0.2777333885296838,0
2025-11-01 05:09:33.420,1.1,,14.1765,40.826333,Campi Flegrei,44572912,2025,11,2025-11-01,44.66835921509632,52.13227524440762,-0.4424828398511441,0
2025-11-01 21:02:45.009,1.4,,14.139167,40.804833,Campi Flegrei,44578472,2025,11,2025-11-01,125.8925411794166,31.973966297931245,-0.46023107359259297,0
2025-11-01 21:04:01.150,1.5,,14.139333,40.805333,Campi Flegrei,44578482,2025,11,2025-11-01,177.82794100389228,492.2628651669466,-0.05497312326490101,0
2025-11-02 01:43:08.019,1.0,,14.111333,40.8365,Campi Flegrei,44579642,2025,11,2025-11-02,31.622776601683796,57.77887168805,-0.43751133585289254,0
2025-11-02 01:43:16.000,1.8,,14.132,40.831333,Campi Flegrei,44579622,2025,11,2025-11-02,501.18723362727246,395.87394744347887,-0.13983803164504657,0
2025-11-02 02:32:54.619,1.8,,14.120333,40.829,Campi Flegrei,44579792,2025,11,2025-11-02,501.18723362727246,236.04753112919977,-0.28055601559576754,0
2025-11-02 02:40:27.470,2.1,,14.11,40.839167,Campi Flegrei,44579862,2025,11,2025-11-02,1412.5375446227554,670.9749687874902,0.10237262413410693,0
2025-11-02 14:38:21.930,1.5,,14.122167,40.827833,Campi Flegrei,44584542,2025,11,2025-11-02,177.82794100389228,55.32435842761129,-0.4396723938654183,0
2025-11-02 14:40:51.619,1.3,,14.125833,40.828,Campi Flegrei,44584622,2025,11,2025-11-02,89.12509381337459,520.244444240263,-0.030336949309701208,0
2025-11-02 14:51:02.069,2.1,,14.128333,40.827,Campi Flegrei,44584792,2025,11,2025-11-02,1412.5375446227554,561.3984631096481,0.0058968016578628555,0
2025-11-02 14:53:11.759,1.3,,14.126833,40.826833,Campi Flegrei,44584872,2025,11,2025-11-02,89.12509381337459,1382.6368009104417,0.7289500109041263,0
2025-11-02 14:58:10.579,1.1,,14.1235,40.827167,Campi Flegrei,44585012,2025,11,2025-11-02,44.66835921509632,1388.2431239730922,0.7338860565025042,0
2025-11-02 15:00:28.460,1.0,,14.121833,40.828,Campi Flegrei,44585092,2025,11,2025-11-02,31.622776601683796,1561.715830734991,0.886618815760575,0
2025-11-02 15:05:12.269,1.0,,14.125,40.826333,Campi Flegrei,44585172,2025,11,2025-11-02,31.622776601683796,1504.6537069914232,0.8363788917335477,0
2025-11-02 15:26:09.369,2.0,,14.120333,40.8255,Campi Flegrei,44585472,2025,11,2025-11-02,1000.0,896.9704227988719,0.3013486470211841,0
2025-11-02 23:30:23.490,1.2,,14.082333,40.821667,Campi Flegrei,44587682,2025,11,2025-11-02,63.0957344480193,99.15740707646728,-0.4010799109797851,0
2025-11-03 04:34:39.339,1.5,,14.117333,40.842,Campi Flegrei,44588072,2025,11,2025-11-03,177.82794100389228,79.43037128046005,-0.418448433471582,0
2025-11-03 06:49:10.539,1.3,,14.1225,40.803333,Campi Flegrei,44588512,2025,11,2025-11-03,89.12509381337459,102.7853327700826,-0.39788573068530425,0
2025-11-03 08:41:06.349,1.0,,14.151667,40.828833,Campi Flegrei,44589072,2025,11,2025-11-03,31.622776601683796,113.86191312206435,-0.3881334375904375,0
2025-11-03 09:51:36.609,1.6,,14.134667,40.835833,Campi Flegrei,44589672,2025,11,2025-11-03,251.18864315095823,132.90013980822602,-0.3713713719754173,0
2025-11-04 18:48:22.359,2.4,,14.1305,40.824833,Campi Flegrei,44598952,2025,11,2025-11-04,3981.071705534969,34.675977494533164,-0.4578521078561002,0
2025-11-04 19:32:53.599,1.9,,14.129167,40.8295,Campi Flegrei,44599092,2025,11,2025-11-04,707.9457843841374,289.58556444958634,-0.2334188508687734,0
2025-11-04 20:31:53.859,1.1,,14.130167,40.839,Campi Flegrei,44599282,2025,11,2025-11-04,44.66835921509632,263.7856939876145,-0.25613415564329506,0
2025-11-04 20:39:28.210,1.8,,14.137,40.842833,Campi Flegrei,44599242,2025,11,2025-11-04,501.18723362727246,469.8368467544231,-0.07471794500229559,0
2025-11-05 01:36:19.940,1.0,,14.149,40.828167,Campi Flegrei,44600302,2025,11,2025-11-05,31.622776601683796,100.47235662566415,-0.3999221733928018,0
2025-11-06 20:11:52.059,1.1,,14.095333,40.8075,Campi Flegrei,44611332,2025,11,2025-11-06,44.66835921509632,28.380202297963415,-0.46339517647703576,0
2025-11-07 09:26:26.750,1.0,,14.145167,40.829167,Campi Flegrei,44614112,2025,11,2025-11-07,31.622776601683796,28.17268464473228,-0.46357788385714394,0
2025-11-07 11:59:57.420,1.5,,14.115667,40.796667,Campi Flegrei,44614682,2025,11,2025-11-07,177.82794100389228,45.02537499948608,-0.44874005751056867,0
2025-11-07 12:40:24.640,1.7,,14.1355,40.8285,Campi Flegrei,44614952,2025,11,2025-11-07,354.8133892335753,153.78609648289122,-0.3529824861834606,0
2025-11-07 12:40:49.579,1.5,,14.135833,40.829833,Campi Flegrei,44615172,2025,11,2025-11-07,177.82794100389228,817.9883872780896,0.23180949909363482,0
2025-11-07 12:42:33.829,1.3,,14.1345,40.831333,Campi Flegrei,44615002,2025,11,2025-11-07,89.12509381337459,1221.3779086141308,0.5869708140894881,0
2025-11-07 12:43:25.650,2.2,,14.135667,40.8335,Campi Flegrei,44615012,2025,11,2025-11-07,1995.262314968881,1585.1099280454525,0.9072159753903191,0
2025-11-08 04:36:10.279,1.0,,14.1225,40.8375,Campi Flegrei,44617972,2025,11,2025-11-08,31.622776601683796,46.49099298634233,-0.44744966501408184,0
2025-11-08 05:16:10.410,1.0,,14.128,40.840167,Campi Flegrei,44618032,2025,11,2025-11-08,31.622776601683796,114.56348665708656,-0.3875157423700969,0
2025-11-08 06:50:10.549,1.1,,14.140833,40.839333,Campi Flegrei,44618292,2025,11,2025-11-08,44.66835921509632,93.86786309659769,-0.4057370507820208,0
2025-11-08 12:10:17.420,1.0,,14.133667,40.8325,Campi Flegrei,44619932,2025,11,2025-11-08,31.622776601683796,56.481519820192794,-0.43865357969173696,0
2025-11-08 22:09:17.349,1.0,,14.138167,40.8315,Campi Flegrei,44621792,2025,11,2025-11-08,31.622776601683796,40.73488091707064,-0.4525175912334221,0
2025-11-09 05:11:44.710,2.5,,14.145667,40.833667,Campi Flegrei,44622402,2025,11,2025-11-09,5623.413251903491,39.672121204750056,-0.453453290147222,0
2025-11-09 05:12:40.200,1.4,,14.149167,40.834,Campi Flegrei,44622452,2025,11,2025-11-09,125.8925411794166,1460.4837743234004,0.7974898018095065,0
2025-11-09 05:13:18.259,1.4,,14.147667,40.831333,Campi Flegrei,44622482,2025,11,2025-11-09,125.8925411794166,1876.7091109493142,1.163952315265588,0
2025-11-09 05:14:40.539,1.3,,14.134833,40.8315,Campi Flegrei,44622502,2025,11,2025-11-09,89.12509381337459,2158.3780385596256,1.4119456354495648,0
2025-11-09 07:33:20.529,1.4,,14.127333,40.833333,Campi Flegrei,44623072,2025,11,2025-11-09,125.8925411794166,210.24428633544136,-0.3032742912757074,0
2025-11-09 08:00:37.630,1.1,,14.149,40.824667,Campi Flegrei,44623282,2025,11,2025-11-09,44.66835921509632,321.3242477258963,-0.2054747623577067,0
2025-11-09 15:18:03.190,1.2,,14.081167,40.830333,Campi Flegrei,44626022,2025,11,2025-11-09,63.0957344480193,77.46475760450014,-0.4201790434676364,0
2025-11-09 20:26:02.609,1.1,,14.125667,40.838667,Campi Flegrei,44627162,2025,11,2025-11-09,44.66835921509632,66.34805820814333,-0.4299666590778462,0
2025-11-10 00:27:01.240,1.7,,14.151667,40.831333,Campi Flegrei,44627442,2025,11,2025-11-10,354.8133892335753,65.07531787234389,-0.43108723387565867,0
2025-11-12 09:07:27.119,1.0,,14.137167,40.822333,Campi Flegrei,44639492,2025,11,2025-11-12,31.622776601683796,24.36940074301142,-0.4669264569865696,0
2025-11-12 09:12:02.539,1.4,,14.135333,40.822167,Campi Flegrei,44639582,2025,11,2025-11-12,125.8925411794166,269.40404414981646,-0.25118752087423635,0
2025-11-12 10:19:13.049,1.1,,14.124333,40.803667,Campi Flegrei,44640292,2025,11,2025-11-12,44.66835921509632,127.61623156151656,-0.3760235498381522,0
2025-11-13 12:45:54.740,1.3,,14.141833,40.838,Campi Flegrei,44648382,2025,11,2025-11-13,89.12509381337459,24.654864807558106,-0.4666751222661915,0
2025-11-15 00:40:44.789,1.0,,14.142833,40.822167,Campi Flegrei,44658042,2025,11,2025-11-15,31.622776601683796,20.12043159249803,-0.47066743039082426,0
2025-11-15 05:45:41.769,1.2,,14.140833,40.838667,Campi Flegrei,44658782,2025,11,2025-11-15,63.0957344480193,27.776393621176183,-0.46392679535236836,0
2025-11-15 05:46:02.200,1.0,,14.1345,40.831333,Campi Flegrei,44658792,2025,11,2025-11-15,31.622776601683796,433.45752957848833,-0.10674784524378664,0
2025-11-15 07:14:25.279,1.6,,14.1215,40.835333,Campi Flegrei,44659202,2025,11,2025-11-15,251.18864315095823,97.0615032388921,-0.4029252339832004,0
2025-11-15 18:57:53.809,2.0,,14.143833,40.8125,Campi Flegrei,44662772,2025,11,2025-11-15,1000.0,31.798294005928792,-0.46038574296037743,0
2025-11-16 01:23:41.630,1.1,,14.157667,40.817167,Campi Flegrei,44663642,2025,11,2025-11-16,44.66835921509632,43.31965466289207,-0.4502418463417546,0
2025-11-17 10:57:48.069,1.8,,14.133667,40.801167,Campi Flegrei,44672512,2025,11,2025-11-17,501.18723362727246,21.15522944503513,-0.4697563502892769,0
2025-11-17 11:54:55.619,2.4,,14.082833,40.824833,Campi Flegrei,44673262,2025,11,2025-11-17,3981.071705534969,131.997025275323,-0.3721665124739492,0
2025-11-17 18:00:44.220,1.3,,14.146833,40.793333,Campi Flegrei,44678202,2025,11,2025-11-17,89.12509381337459,59.787587408092,-0.43574277698150665,0
2025-11-17 21:11:40.890,1.3,,14.140833,40.842,Campi Flegrei,44679362,2025,11,2025-11-17,89.12509381337459,63.32727561987391,-0.4326262847240776,0
2025-11-17 21:14:31.119,1.5,,14.141833,40.836833,Campi Flegrei,44679412,2025,11,2025-11-17,177.82794100389228,434.35538688561195,-0.10595733343073681,0
2025-11-17 23:53:56.869,1.0,,14.157833,40.813,Campi Flegrei,44679692,2025,11,2025-11-17,31.622776601683796,98.19324659484042,-0.4019287989315284,0
2025-11-18 01:35:34.539,1.1,,14.150833,40.822,Campi Flegrei,44680002,2025,11,2025-11-18,44.66835921509632,99.27958584826361,-0.40097233958548606,0
2025-11-18 05:05:05.230,1.8,,14.160167,40.828833,Campi Flegrei,44680232,2025,11,2025-11-18,501.18723362727246,72.3407651054622,-0.42469042469528906,0
2025-11-18 05:10:18.789,1.0,,14.155,40.826833,Campi Flegrei,44680272,2025,11,2025-11-18,31.622776601683796,595.7964285967789,0.03618223548650762,0
2025-11-18 06:00:15.700,1.1,,14.136,40.823833,Campi Flegrei,44680432,2025,11,2025-11-18,44.66835921509632,236.0765192131771,-0.28053049325202767,0
2025-11-18 10:53:09.859,1.1,,14.127333,40.834833,Campi Flegrei,44681882,2025,11,2025-11-18,44.66835921509632,77.75169341802102,-0.4199264129567794,0
2025-11-19 08:18:25.480,1.2,,14.128167,40.837,Campi Flegrei,44686062,2025,11,2025-11-19,63.0957344480193,32.53820150347966,-0.4597342968867782,0
2025-11-19 10:36:49.549,1.0,,14.128167,40.834833,Campi Flegrei,44687262,2025,11,2025-11-19,31.622776601683796,55.568476893252615,-0.4394574615712308,0
2025-11-19 10:53:33.559,2.1,,14.1325,40.834167,Campi Flegrei,44687292,2025,11,2025-11-19,1412.5375446227554,187.8727113518362,-0.3229711786995296,0
2025-11-19 11:16:11.579,1.0,,14.130667,40.836333,Campi Flegrei,44687472,2025,11,2025-11-19,31.622776601683796,449.701426629333,-0.0924460264505581,0
2025-11-19 12:26:28.539,1.2,,14.130333,40.835167,Campi Flegrei,44687742,2025,11,2025-11-19,63.0957344480193,201.46122411614644,-0.3110072733253243,0
2025-11-19 12:27:25.079,1.2,,14.1295,40.834,Campi Flegrei,44687832,2025,11,2025-11-19,63.0957344480193,586.3706368914154,0.02788336702342439,0
2025-11-19 12:27:45.349,1.2,,14.134833,40.837,Campi Flegrei,44688352,2025,11,2025-11-19,63.0957344480193,981.5843216363288,0.37584632727451667,0
2025-11-19 12:49:28.970,1.5,,14.139,40.825,Campi Flegrei,44687862,2025,11,2025-11-19,177.82794100389228,573.689618971342,0.01671845876040739,0
2025-11-19 12:49:52.539,2.7,,14.137333,40.835667,Campi Flegrei,44687902,2025,11,2025-11-19,11220.184543019652,1113.3415668360442,0.4918510175063674,0
2025-11-19 12:51:05.410,1.2,,14.138667,40.839333,Campi Flegrei,44687952,2025,11,2025-11-19,63.0957344480193,2744.8878649213325,1.9283338661073601,0
2025-11-19 13:07:32.849,2.0,,14.127667,40.833333,Campi Flegrei,44688182,2025,11,2025-11-19,1000.0,1493.0635685168672,0.8261744401950601,0
2025-11-19 18:21:22.089,2.5,,14.147333,40.8375,Campi Flegrei,44689912,2025,11,2025-11-19,5623.413251903491,168.80676809080126,-0.33975764716752077,0
2025-11-19 20:12:19.859,1.1,,14.135167,40.8375,Campi Flegrei,44690292,2025,11,2025-11-19,44.66835921509632,244.0313062616066,-0.27352675993918674,0
2025-11-19 21:51:45.599,1.3,,14.146167,40.836667,Campi Flegrei,44690502,2025,11,2025-11-19,89.12509381337459,196.8596969856297,-0.3150586537906636,0
2025-11-20 00:22:18.549,1.1,,14.092,40.840667,Campi Flegrei,44690902,2025,11,2025-11-20,44.66835921509632,154.8861951921602,-0.35201391242647473,0
2025-11-20 01:52:52.579,1.0,,14.132833,40.836833,Campi Flegrei,44691032,2025,11,2025-11-20,31.622776601683796,160.60042777814436,-0.3469828586878734,0
2025-11-20 03:24:11.200,2.4,,14.121833,40.839833,Campi Flegrei,44691092,2025,11,2025-11-20,3981.071705534969,155.61239169299657,-0.351374538098336,0
2025-11-21 10:07:13.430,1.3,,14.1045,40.804333,Campi Flegrei,44698742,2025,11,2025-11-21,89.12509381337459,43.337800911353526,-0.4502258696117581,0
2025-11-21 22:12:52.000,1.1,,14.130167,40.8325,Campi Flegrei,44711132,2025,11,2025-11-21,44.66835921509632,39.63495307853952,-0.45348601454853305,0
2025-11-22 14:04:46.089,2.2,,14.141833,40.817833,Campi Flegrei,44713052,2025,11,2025-11-22,1995.262314968881,33.442741621373244,-0.4589379012425047,0
2025-11-22 17:54:59.869,1.8,,14.153333,40.8135,Campi Flegrei,44713652,2025,11,2025-11-22,501.18723362727246,69.47103446519355,-0.4272170577731787,0
2025-11-22 17:55:10.059,3.0,,14.160333,40.814667,Campi Flegrei,44713762,2025,11,2025-11-22,31622.776601683792,818.8201593957798,0.23254182669133078,0
2025-11-23 06:35:06.460,1.6,,14.132833,40.826833,Campi Flegrei,44714702,2025,11,2025-11-23,251.18864315095823,61.902072420037335,-0.43388109432080135,0
2025-11-23 17:51:43.180,1.3,,14.1465,40.831333,Campi Flegrei,44717162,2025,11,2025-11-23,89.12509381337459,47.62068484759938,-0.4464550361857095,0
2025-11-25 17:49:46.069,1.3,,14.137333,40.8265,Campi Flegrei,44729632,2025,11,2025-11-25,89.12509381337459,25.213427332852582,-0.4661833400296724,0
2025-11-25 18:48:47.690,1.5,,14.123667,40.813167,Campi Flegrei,44729882,2025,11,2025-11-25,177.82794100389228,90.28073885907256,-0.40889530773682065,0
2025-11-25 20:39:16.519,1.0,,14.1235,40.832833,Campi Flegrei,44730302,2025,11,2025-11-25,31.622776601683796,88.50077656163732,-0.4104624623523058,0
2025-11-25 22:15:36.930,1.6,,14.1315,40.827667,Campi Flegrei,44730482,2025,11,2025-11-25,251.18864315095823,88.20697439519917,-0.41072113829271006,0
2025-11-25 22:21:54.200,3.3,,14.140167,40.8285,Campi Flegrei,44730652,2025,11,2025-11-25,89125.0938133744,488.09000634301697,-0.05864708589608273,0
2025-11-25 22:27:11.970,1.2,,14.139333,40.8265,Campi Flegrei,44730692,2025,11,2025-11-25,63.0957344480193,2729.566230003705,1.914844046175479,0
2025-11-25 22:28:05.589,1.0,,14.136667,40.827167,Campi Flegrei,44730702,2025,11,2025-11-25,31.622776601683796,2983.1394189254033,2.1381006814168764,1
2025-11-25 22:34:23.619,1.3,,14.1285,40.828333,Campi Flegrei,44730742,2025,11,2025-11-25,89.12509381337459,2396.0530379587053,1.6212048275293116,0
2025-11-25 22:35:06.529,1.7,,14.136,40.827167,Campi Flegrei,44730762,2025,11,2025-11-25,354.8133892335753,2756.7877314104094,1.938811015381188,0
2025-11-25 22:51:23.640,1.1,,14.129667,40.826333,Campi Flegrei,44730852,2025,11,2025-11-25,44.66835921509632,1801.240172214249,1.097506247371428,0
2025-11-26 20:08:04.769,2.2,,14.110833,40.805833,Campi Flegrei,44734252,2025,11,2025-11-26,1995.262314968881,54.34465564116652,-0.44053496592427194,0
2025-11-26 22:11:59.150,1.0,,14.139333,40.825667,Campi Flegrei,44734482,2025,11,2025-11-26,31.622776601683796,125.86047671316237,-0.3775693911844681,0
2025-11-27 01:01:03.450,1.0,,14.140167,40.820333,Campi Flegrei,44735072,2025,11,2025-11-27,31.622776601683796,91.73672471241433,-0.40761339578091377,0
2025-11-27 04:42:50.859,1.4,,14.1165,40.797833,Campi Flegrei,44735352,2025,11,2025-11-27,125.8925411794166,75.8877866545019,-0.4215674758554105,0
2025-11-27 05:04:44.539,1.1,,14.1165,40.796333,Campi Flegrei,44735432,2025,11,2025-11-27,44.66835921509632,241.2679055005768,-0.27595977566279123,0
2025-11-27 18:08:43.390,1.2,,14.145667,40.819167,Campi Flegrei,44738492,2025,11,2025-11-27,63.0957344480193,49.328725455072586,-0.4449512044892209,0
2025-11-27 18:11:47.210,1.0,,14.143667,40.817833,Campi Flegrei,44738602,2025,11,2025-11-27,31.622776601683796,380.3809706010518,-0.153478708304996,0
2025-11-27 23:43:02.119,1.0,,14.1395,40.820333,Campi Flegrei,44739062,2025,11,2025-11-27,31.622776601683796,59.05280472401324,-0.4363897109510586,0
2025-11-27 23:43:52.390,1.3,,14.149,40.824167,Campi Flegrei,44738992,2025,11,2025-11-27,89.12509381337459,378.1043328774626,-0.15548315711913743,0
2025-11-27 23:44:57.460,1.1,,14.149,40.823667,Campi Flegrei,44739022,2025,11,2025-11-27,44.66835921509632,775.1980365466584,0.19413505186314092,0
2025-11-28 00:39:13.289,1.3,,14.143167,40.825833,Campi Flegrei,44739092,2025,11,2025-11-28,89.12509381337459,233.44530764983114,-0.2828471239760364,0
2025-11-28 00:39:57.119,1.1,,14.151667,40.825167,Campi Flegrei,44739172,2025,11,2025-11-28,44.66835921509632,665.9309309949789,0.09793163843536158,0
2025-11-28 02:14:29.200,1.0,,14.1065,40.830333,Campi Flegrei,44739272,2025,11,2025-11-28,31.622776601683796,187.81280254100844,-0.32302392496810634,0
2025-11-28 02:25:21.500,1.2,,14.102167,40.832,Campi Flegrei,44739352,2025,11,2025-11-28,63.0957344480193,348.68247417351114,-0.18138741460284308,0
2025-11-28 06:28:54.180,1.7,,14.149,40.823167,Campi Flegrei,44739752,2025,11,2025-11-28,354.8133892335753,105.01685693524762,-0.3959210017693917,0
2025-11-28 06:39:15.130,2.2,,14.139833,40.824833,Campi Flegrei,44739842,2025,11,2025-11-28,1995.262314968881,461.80166234643315,-0.08179246357462747,0
2025-11-28 08:06:38.549,1.3,,14.085667,40.804833,Campi Flegrei,44740472,2025,11,2025-11-28,89.12509381337459,253.89799633431872,-0.26483970577557164,0
2025-11-28 08:17:59.140,1.8,,14.148167,40.824167,Campi Flegrei,44740262,2025,11,2025-11-28,501.18723362727246,462.63099441068437,-0.0810622843039014,0
2025-11-28 08:20:00.900,1.2,,14.145333,40.821833,Campi Flegrei,44740312,2025,11,2025-11-28,63.0957344480193,1088.5377276682348,0.47001266110432727,0
2025-11-28 08:20:19.569,1.1,,14.146833,40.823167,Campi Flegrei,44740592,2025,11,2025-11-28,44.66835921509632,1477.282310949237,0.8122799489067286,0
2025-11-28 08:22:52.619,1.0,,14.149,40.821167,Campi Flegrei,44740432,2025,11,2025-11-28,31.622776601683796,1592.7461095698347,0.9139391948303386,0
2025-11-28 08:38:36.349,1.2,,14.143833,40.821667,Campi Flegrei,44740502,2025,11,2025-11-28,63.0957344480193,1015.3342560667221,0.40556120696108366,0
2025-11-28 14:02:21.190,1.4,,14.14,40.8225,Campi Flegrei,44741542,2025,11,2025-11-28,125.8925411794166,146.5182571252587,-0.35938140149213343,0
2025-11-28 14:34:36.680,1.0,,14.105667,40.832,Campi Flegrei,44741632,2025,11,2025-11-28,31.622776601683796,261.3702146409511,-0.2582608465356736,0
2025-11-28 15:09:01.839,1.1,,14.140833,40.8235,Campi Flegrei,44741772,2025,11,2025-11-28,44.66835921509632,271.46169438521355,-0.24937587797140456,0
2025-11-28 15:29:30.250,2.6,,14.109333,40.826667,Campi Flegrei,44741812,2025,11,2025-11-28,7943.282347242822,355.3046867890109,-0.17555693657527,0
2025-11-28 15:29:41.279,2.7,,14.105167,40.828333,Campi Flegrei,44741992,2025,11,2025-11-28,11220.184543019652,2019.6691095919941,1.2898203867553348,0
2025-11-28 16:59:41.750,1.9,,14.152833,40.830667,Campi Flegrei,44742312,2025,11,2025-11-28,707.9457843841374,508.2329858664288,-0.040912348831582006,0
2025-12-01 04:51:38.980,1.2,,14.149,40.824667,Campi Flegrei,44751042,2025,12,2025-12-01,63.0957344480193,36.354182446784655,-0.4563745447411732,0
2025-12-01 04:54:43.160,1.3,,14.151833,40.826167,Campi Flegrei,44751072,2025,12,2025-12-01,89.12509381337459,367.0895926930461,-0.165181003496699,0
2025-12-01 12:59:28.250,1.7,,14.151667,40.833333,Campi Flegrei,44752852,2025,12,2025-12-01,354.8133892335753,45.984515833468606,-0.447895589070399,0
2025-12-01 13:00:42.420,1.3,,14.149833,40.835167,Campi Flegrei,44752902,2025,12,2025-12-01,89.12509381337459,668.8779533663749,0.10052632244520047,0
2025-12-01 16:33:50.849,1.3,,14.113167,40.838,Campi Flegrei,44753692,2025,12,2025-12-01,89.12509381337459,82.29260098430365,-0.41592840453758684,0
2025-12-03 22:54:45.920,1.3,,14.142,40.828333,Campi Flegrei,44761092,2025,12,2025-12-03,89.12509381337459,26.29972457939891,-0.46522691766827357,0
2025-12-05 12:41:16.000,1.3,,14.1565,40.822833,Campi Flegrei,44766472,2025,12,2025-12-05,89.12509381337459,22.52958408988948,-0.4685463099260061,0
2025-12-07 05:00:39.509,2.3,,14.124333,40.8295,Campi Flegrei,44772082,2025,12,2025-12-07,2818.382931264452,19.84333612109668,-0.4709113970453778,0
2025-12-07 07:43:29.789,1.3,,14.113833,40.836833,Campi Flegrei,44772432,2025,12,2025-12-07,89.12509381337459,81.19546157712745,-0.41689437279897323,0
2025-12-11 10:07:50.289,2.0,,14.084333,40.835833,Campi Flegrei,44788132,2025,12,2025-12-11,1000.0,15.741049792764807,-0.4745232246457436,0
2025-12-14 07:58:15.009,1.0,,14.139667,40.829167,Campi Flegrei,44800582,2025,12,2025-12-14,31.622776601683796,14.294620251629722,-0.4757967228173791,0
2025-12-14 15:24:15.910,1.0,,14.1085,40.839,Campi Flegrei,44802182,2025,12,2025-12-14,31.622776601683796,19.321058987316544,-0.4713712320778081,0
2025-12-15 06:47:52.440,1.9,,14.123667,40.844167,Campi Flegrei,44804572,2025,12,2025-12-15,707.9457843841374,17.120516928668504,-0.4733086830276112,0
2025-12-15 06:51:12.309,1.1,,14.136,40.821667,Campi Flegrei,44804642,2025,12,2025-12-15,44.66835921509632,671.9010219036087,0.10318796073825899,0
2025-12-18 17:16:14.960,1.5,,14.151,40.824833,Campi Flegrei,44820622,2025,12,2025-12-18,177.82794100389228,12.989679974159719,-0.476945647815238,0
2025-12-19 03:42:52.470,2.0,,14.138667,40.826667,Campi Flegrei,44821352,2025,12,2025-12-19,1000.0,18.518202200026487,-0.4720781013871121,0
2025-12-19 03:50:13.259,1.8,,14.151833,40.823667,Campi Flegrei,44821422,2025,12,2025-12-19,501.18723362727246,584.7280559882474,0.026437168838543343,0
2025-12-19 13:15:00.589,1.4,,14.126833,40.820667,Campi Flegrei,44823472,2025,12,2025-12-19,125.8925411794166,34.91988649986969,-0.4576373599796861,0
2025-12-20 09:35:46.049,1.0,,14.146,40.8255,Campi Flegrei,44826292,2025,12,2025-12-20,31.622776601683796,20.484822361293595,-0.4703466052385269,0
2025-12-21 16:33:14.079,1.3,,14.141667,40.826167,Campi Flegrei,44831262,2025,12,2025-12-21,89.12509381337459,15.6419969063335,-0.4746104350256329,0
2025-12-23 10:11:06.519,1.1,,14.090667,40.811333,Campi Flegrei,44837742,2025,12,2025-12-23,44.66835921509632,13.538860292975441,-0.47646212607289223,0
2025-12-23 23:42:15.950,2.0,,14.146333,40.824,Campi Flegrei,44839492,2025,12,2025-12-23,1000.0,15.663780013582494,-0.4745912562502655,0
2025-12-23 23:42:54.329,1.6,,14.136667,40.820667,Campi Flegrei,44839532,2025,12,2025-12-23,251.18864315095823,896.9683466144584,0.30134681906000144,0
2025-12-24 17:20:08.170,2.0,,14.124167,40.803667,Campi Flegrei,44842232,2025,12,2025-12-24,1000.0,21.863652565472115,-0.46913262440221243,0
2025-12-24 18:18:40.150,1.2,,14.122833,40.803667,Campi Flegrei,44842422,2025,12,2025-12-24,63.0957344480193,153.74116580738533,-0.3530220450637793,0
2025-12-26 12:14:50.950,1.0,,14.096667,40.811,Campi Flegrei,44845692,2025,12,2025-12-26,31.622776601683796,15.850774540658245,-0.47442661830450705,0
2025-12-27 07:51:04.079,1.0,,14.135,40.823,Campi Flegrei,44847872,2025,12,2025-12-27,31.622776601683796,15.511117372511135,-0.4747256669413863,0
2025-12-27 16:22:15.009,1.1,,14.084333,40.823333,Campi Flegrei,44850032,2025,12,2025-12-27,44.66835921509632,18.87843001728168,-0.47176094147465164,0
2025-12-28 17:15:40.579,1.0,,14.157167,40.820333,Campi Flegrei,44853852,2025,12,2025-12-28,31.622776601683796,14.817235472094323,-0.47533659011903256,0
2025-12-29 12:36:02.359,1.7,,14.101833,40.837,Campi Flegrei,44860702,2025,12,2025-12-29,354.8133892335753,14.627194483540235,-0.47550391029922573,0
2025-12-29 12:42:28.190,1.2,,14.096667,40.8345,Campi Flegrei,44860712,2025,12,2025-12-29,63.0957344480193,456.3948240700647,-0.08655287427107992,0
2025-12-30 00:10:27.039,1.4,,14.130333,40.818833,Campi Flegrei,44862402,2025,12,2025-12-30,125.8925411794166,23.54512491619307,-0.46765218453051394,0
2025-12-30 12:40:47.730,2.0,,14.087667,40.8295,Campi Flegrei,44865952,2025,12,2025-12-30,1000.0,20.98818077002855,-0.4699034270573773,0
2025-12-30 20:21:35.230,1.3,,14.116,40.8075,Campi Flegrei,44868432,2025,12,2025-12-30,89.12509381337459,31.46911941363613,-0.4606755622910202,0
2025-12-31 08:56:37.890,1.2,,14.123,40.8405,Campi Flegrei,44870672,2025,12,2025-12-31,63.0957344480193,23.216831277408623,-0.4679412282321681,0
2026-01-01 02:27:21.430,1.0,,14.131333,40.831333,Campi Flegrei,44874712,2026,1,2026-01-01,31.622776601683796,18.94645213055482,-0.47170105190905537,0
2026-01-03 07:52:59.650,1.0,,14.139667,40.828667,Campi Flegrei,44894452,2026,1,2026-01-03,31.622776601683796,12.77848807203535,-0.47713159016055856,0
2026-01-05 09:33:59.670,1.2,,14.134,40.8365,Campi Flegrei,44909002,2026,1,2026-01-05,63.0957344480193,11.279758096837442,-0.4784511358618252,0
2026-01-05 09:35:26.150,1.7,,14.1355,40.835333,Campi Flegrei,44909012,2026,1,2026-01-05,354.8133892335753,383.38892649105196,-0.15083037583021155,0
2026-01-05 12:54:22.220,2.9,,14.141,40.829333,Campi Flegrei,44909642,2026,1,2026-01-05,22387.21138568338,54.49629455425812,-0.4404014565668653,0
2026-01-06 02:23:02.359,3.1,,14.139333,40.827667,Campi Flegrei,44911792,2026,1,2026-01-06,44668.359215096345,35.087091972199026,-0.45749014516054476,0
2026-01-06 02:24:19.450,2.9,,14.144167,40.829,Campi Flegrei,44911832,2026,1,2026-01-06,22387.21138568338,2551.5137298574246,1.7580790417678092,0
2026-01-06 02:25:43.180,1.6,,14.114167,40.837333,Campi Flegrei,44911892,2026,1,2026-01-06,251.18864315095823,4353.386135714871,3.34452424986225,1
2026-01-06 04:19:57.519,1.3,,14.1145,40.837833,Campi Flegrei,44912072,2026,1,2026-01-06,89.12509381337459,435.8062033258593,-0.10467997284628422,0
2026-01-08 16:44:08.099,2.6,,14.1295,40.8285,Campi Flegrei,44920132,2026,1,2026-01-08,7943.282347242822,20.39983477672247,-0.4704214319276155,0
2026-01-08 16:45:07.819,1.0,,14.1295,40.824333,Campi Flegrei,44920192,2026,1,2026-01-08,31.622776601683796,1582.5007932937806,0.9049187820315624,0
2026-01-08 17:28:44.539,1.1,,14.132,40.827333,Campi Flegrei,44920292,2026,1,2026-01-08,44.66835921509632,395.6660992537495,-0.14002103004356545,0
2026-01-08 17:48:02.440,1.1,,14.125,40.826333,Campi Flegrei,44920412,2026,1,2026-01-08,44.66835921509632,423.3522984460389,-0.11564492111588891,0
2026-01-08 17:53:39.230,2.0,,14.126,40.828667,Campi Flegrei,44920442,2026,1,2026-01-08,1000.0,633.3765985408752,0.06926941764956192,0
2026-01-08 17:55:41.450,1.0,,14.125,40.826667,Campi Flegrei,44920472,2026,1,2026-01-08,31.622776601683796,1383.6393064108956,0.7298326594435641,0
2026-01-13 06:52:54.589,1.2,,14.160833,40.828333,Campi Flegrei,44943512,2026,1,2026-01-13,63.0957344480193,14.006199927481163,-0.47605066035461824,0
2026-01-14 08:03:14.980,2.5,,14.128833,40.833167,Campi Flegrei,44948582,2026,1,2026-01-14,5623.413251903491,14.256199445756701,-0.4758305501312168,0
2026-01-14 08:03:40.769,2.2,,14.134,40.836667,Campi Flegrei,44948852,2026,1,2026-01-14,1995.262314968881,1492.820917892938,0.8259608002512316,0
2026-01-14 08:13:53.220,1.7,,14.124167,40.835333,Campi Flegrei,44948712,2026,1,2026-01-14,354.8133892335753,1398.3379895885255,0.7427740061319568,0
2026-01-16 20:33:55.440,2.2,,14.142,40.832167,Campi Flegrei,44961782,2026,1,2026-01-16,1995.262314968881,15.464443587541053,-0.47476676052951644,0
2026-01-18 14:37:30.640,1.4,,14.108333,40.8025,Campi Flegrei,44968922,2026,1,2026-01-18,125.8925411794166,14.665780566894156,-0.47546993746805477,0
2026-01-21 14:34:23.180,1.7,,14.112,40.8375,Campi Flegrei,44983812,2026,1,2026-01-21,354.8133892335753,11.333504332537949,-0.4784038153868554,0
2026-01-27 00:57:41.119,1.1,,14.136667,40.825,Campi Flegrei,44803501,2026,1,2026-01-27,44.66835921509632,8.957997887727798,-0.48049531243399135,0
2026-01-27 01:09:49.880,1.4,,14.140833,40.841167,Campi Flegrei,44803561,2026,1,2026-01-27,125.8925411794166,190.16333185771123,-0.32095441884833525,0
2026-02-01 05:13:55.789,1.3,,14.1185,40.810667,Campi Flegrei,44829351,2026,2,2026-02-01,89.12509381337459,8.030214331011106,-0.48131217259174575,0
2026-02-04 00:28:20.690,1.7,,14.147167,40.831333,Campi Flegrei,44840091,2026,2,2026-02-04,354.8133892335753,7.854805282259745,-0.4814666101889604,0
2026-02-04 15:04:41.069,1.3,,14.135333,40.840333,Campi Flegrei,44842511,2026,2,2026-02-04,89.12509381337459,12.493152713835519,-0.4773828115623872,0
2026-02-05 01:14:45.500,1.7,,14.1625,40.815,Campi Flegrei,44843681,2026,2,2026-02-05,354.8133892335753,15.091973926045318,-0.47509469868302806,0
2026-02-05 07:13:34.309,1.2,,14.163,40.817167,Campi Flegrei,44844031,2026,2,2026-02-05,63.0957344480193,26.163913703992392,-0.4653464913471841,0
2026-02-09 10:58:37.180,1.2,,14.144167,40.8165,Campi Flegrei,44865141,2026,2,2026-02-09,63.0957344480193,7.98402495317063,-0.481352839687208,0
2026-02-09 16:28:39.529,1.4,,14.1395,40.825167,Campi Flegrei,44866481,2026,2,2026-02-09,125.8925411794166,17.11076212635724,-0.47331727157102427,0
2026-02-11 18:12:24.660,1.6,,14.144,40.831333,Campi Flegrei,44875281,2026,2,2026-02-11,251.18864315095823,8.583325890914427,-0.4808251896173143,0
2026-02-12 12:49:34.480,1.7,,14.146,40.8305,Campi Flegrei,44877761,2026,2,2026-02-12,354.8133892335753,11.248872232563569,-0.4784783290921648,0
2026-02-14 09:51:06.140,1.4,,14.149,40.825,Campi Flegrei,45163942,2026,2,2026-02-14,125.8925411794166,9.151539371499927,-0.48032491026872165,0
2026-02-14 09:51:11.359,1.2,,14.144333,40.8235,Campi Flegrei,45164242,2026,2,2026-02-14,63.0957344480193,514.9470424970809,-0.03500100742142033,0
2026-02-14 09:51:20.390,1.0,,14.150333,40.824167,Campi Flegrei,45164272,2026,2,2026-02-14,31.622776601683796,920.5662053316559,0.3221233789104603,0
2026-02-14 09:56:23.309,1.4,,14.148667,40.826833,Campi Flegrei,45164052,2026,2,2026-02-14,125.8925411794166,885.7594287556582,0.2914780103878603,0
2026-02-14 11:12:02.200,1.3,,14.149,40.8255,Campi Flegrei,45164442,2026,2,2026-02-14,89.12509381337459,196.9026090384982,-0.31502087219168834,0
2026-02-14 12:21:53.430,1.3,,14.137333,40.832,Campi Flegrei,45164872,2026,2,2026-02-14,89.12509381337459,160.5520016537103,-0.3470254951103,0
2026-02-14 12:22:17.119,1.6,,14.145,40.832833,Campi Flegrei,45164802,2026,2,2026-02-14,251.18864315095823,606.5217193109528,0.04562523822277743,0
2026-02-16 04:59:35.140,1.1,,14.121167,40.8115,Campi Flegrei,45168442,2026,2,2026-02-16,44.66835921509632,14.317513234132688,-0.47577656686056846,0
2026-02-16 06:49:06.509,1.5,,14.082333,40.829333,Campi Flegrei,45168682,2026,2,2026-02-16,177.82794100389228,42.45658948163089,-0.45100172568539404,0
2026-02-17 03:53:37.380,1.3,,14.125667,40.844333,Campi Flegrei,44895461,2026,2,2026-02-17,89.12509381337459,15.34553369579763,-0.47487145386259494,0
2026-02-17 22:12:38.410,2.8,,14.117833,40.838167,Campi Flegrei,44899531,2026,2,2026-02-17,15848.931924611108,14.419368147946605,-0.47568688945643284,0
2026-02-17 22:12:49.910,2.5,,14.117,40.837167,Campi Flegrei,44899551,2026,2,2026-02-17,5623.413251903491,2048.654721121261,1.3153405536466247,0
2026-02-17 23:24:27.710,2.0,,14.1165,40.833833,Campi Flegrei,44899661,2026,2,2026-02-17,1000.0,434.4331860477039,-0.10588883573495475,0
2026-02-22 03:16:27.200,2.3,,14.088667,40.8095,Campi Flegrei,45199272,2026,2,2026-02-22,2818.382931264452,11.138619118003788,-0.4785754006299176,0
2026-02-23 16:19:13.690,1.7,,14.140333,40.826833,Campi Flegrei,45206452,2026,2,2026-02-23,354.8133892335753,12.45162204714824,-0.4774193769301352,0
2026-02-24 10:40:43.730,2.0,,14.109667,40.8115,Campi Flegrei,45209782,2026,2,2026-02-24,1000.0,14.499606441940825,-0.475616244245041,0
2026-02-24 22:39:19.130,2.1,,14.124,40.8425,Campi Flegrei,45213082,2026,2,2026-02-24,1412.5375446227554,20.457650649550935,-0.47037052837079185,0
2026-02-25 23:35:23.759,1.1,,14.139,40.8315,Campi Flegrei,45218792,2026,2,2026-02-25,44.66835921509632,16.172402294031254,-0.47414344353227006,0
2026-02-28 10:19:07.200,3.5,,14.139833,40.835167,Campi Flegrei,45232062,2026,2,2026-02-28,177827.94100389228,10.352538431561301,-0.4792674995455391,0
2026-02-28 10:20:52.329,1.2,,14.131333,40.8315,Campi Flegrei,45232172,2026,2,2026-02-28,63.0957344480193,3634.688633309529,2.7117523593255117,1
2026-02-28 10:22:06.450,2.3,,14.140167,40.833667,Campi Flegrei,45231902,2026,2,2026-02-28,2818.382931264452,3706.177101954326,2.774693851823466,1
2026-02-28 12:51:19.950,1.4,,14.137167,40.8315,Campi Flegrei,45232852,2026,2,2026-02-28,125.8925411794166,320.7058517009659,-0.2060192245556217,0
2026-02-28 13:38:52.660,1.2,,14.132,40.8315,Campi Flegrei,45233102,2026,2,2026-02-28,63.0957344480193,328.0590489336224,-0.1995451565383749,0
2026-03-02 19:06:44.640,1.0,,14.166333,40.81,Campi Flegrei,45245852,2026,3,2026-03-02,31.622776601683796,18.03276592989149,-0.4725055001541321,0
2026-03-04 02:28:41.960,1.0,,14.135833,40.823333,Campi Flegrei,45256552,2026,3,2026-03-04,31.622776601683796,14.45871223039043,-0.4756522492505797,0
2026-03-05 01:39:11.940,1.0,,14.1455,40.817833,Campi Flegrei,45266242,2026,3,2026-03-05,31.622776601683796,13.651541197079803,-0.4763629170058245,0
2026-03-05 04:04:17.160,2.4,,14.085667,40.828,Campi Flegrei,45266872,2026,3,2026-03-05,3981.071705534969,32.3845790573526,-0.45986955263114815,0
2026-03-05 11:38:13.049,1.1,,14.129333,40.833,Campi Flegrei,45270582,2026,3,2026-03-05,44.66835921509632,37.52189444177761,-0.4553464413677774,0
2026-03-07 17:33:44.990,1.0,,14.1165,40.826667,Campi Flegrei,45285222,2026,3,2026-03-07,31.622776601683796,12.473806934921466,-0.4773998444100825,0
2026-03-08 13:33:41.089,1.1,,14.107333,40.802167,Campi Flegrei,45293782,2026,3,2026-03-08,44.66835921509632,12.76433050739738,-0.47714405508343827,0
2026-03-20 10:49:07.299,1.1,,14.139,40.825167,Campi Flegrei,45385732,2026,3,2026-03-20,44.66835921509632,6.366880623590801,-0.48277664242935514,0
2026-03-20 22:02:53.539,1.0,,14.1605,40.816333,Campi Flegrei,45390222,2026,3,2026-03-20,31.622776601683796,9.93140475445891,-0.4796382835709976,0
2026-03-21 14:02:15.430,1.0,,14.118,40.805,Campi Flegrei,45396032,2026,3,2026-03-21,31.622776601683796,9.632955839492316,-0.47990105070671185,0
2026-03-21 15:48:16.420,1.0,,14.078667,40.8365,Campi Flegrei,45395442,2026,3,2026-03-21,31.622776601683796,35.97813298392008,-0.4567056347042742,0
2026-03-21 20:53:30.569,1.3,,14.1175,40.809333,Campi Flegrei,45399122,2026,3,2026-03-21,89.12509381337459,22.68115641424704,-0.46841285919615683,0
2026-03-22 02:22:32.799,1.2,,14.078333,40.8345,Campi Flegrei,45400272,2026,3,2026-03-22,63.0957344480193,24.761236829539524,-0.4665814678076409,0
2026-04-01 16:10:27.849,1.2,,14.150833,40.830833,Campi Flegrei,45485142,2026,4,2026-04-01,63.0957344480193,5.481041408603842,-0.48355657300223576,0
2026-04-02 06:10:09.119,1.2,,14.156333,40.8235,Campi Flegrei,45488302,2026,4,2026-04-02,63.0957344480193,8.513891266459007,-0.48088632281791444,0
2026-04-02 15:50:09.130,1.3,,14.1045,40.822833,Campi Flegrei,45492312,2026,4,2026-04-02,89.12509381337459,11.82651825621886,-0.4779697449309203,0
2026-04-03 07:59:38.720,2.1,,14.132333,40.8365,Campi Flegrei,45497122,2026,4,2026-04-03,1412.5375446227554,10.579470012787874,-0.47906769931638205,0
2026-04-03 21:14:08.710,1.0,,14.097667,40.817667,Campi Flegrei,45502592,2026,4,2026-04-03,31.622776601683796,16.35776728847459,-0.47398024029644314,0
2026-04-05 04:05:51.190,1.4,,14.14,40.823333,Campi Flegrei,45511822,2026,4,2026-04-05,125.8925411794166,9.472361541708006,-0.48004244476621294,0
2026-04-05 14:33:22.430,2.1,,14.145167,40.8195,Campi Flegrei,45515042,2026,4,2026-04-05,1412.5375446227554,13.822198466723737,-0.4762126630773149,0
2026-04-05 14:34:02.390,1.7,,14.145333,40.820333,Campi Flegrei,45515212,2026,4,2026-04-05,354.8133892335753,986.5162508197161,0.3801886077790692,0
2026-04-06 02:51:50.130,1.8,,14.147167,40.821,Campi Flegrei,45518662,2026,4,2026-04-06,501.18723362727246,24.713302616647958,-0.46662367113019493,0
2026-04-06 02:52:13.460,1.5,,14.138833,40.820333,Campi Flegrei,45518742,2026,4,2026-04-06,177.82794100389228,760.9238021470425,0.18156740795623988,0
2026-04-07 02:32:57.920,3.3,,14.143667,40.824667,Campi Flegrei,45526562,2026,4,2026-04-07,89125.0938133744,17.207755445599346,-0.47323187452180565,0
2026-04-07 02:34:32.970,1.6,,14.144167,40.824167,Campi Flegrei,45526702,2026,4,2026-04-07,251.18864315095823,3021.721720637529,2.1720701830694247,1
2026-04-07 02:38:34.619,2.6,,14.143667,40.824667,Campi Flegrei,45526392,2026,4,2026-04-07,7943.282347242822,2776.0457516133183,1.955766596569387,0
2026-04-08 12:38:59.079,2.3,,14.133,40.824167,Campi Flegrei,45536842,2026,4,2026-04-08,2818.382931264452,25.14909800712301,-0.466239978307839,0
2026-04-08 13:19:59.130,1.7,,14.134,40.823167,Campi Flegrei,45537202,2026,4,2026-04-08,354.8133892335753,273.4369907423928,-0.24763674293041799,0
2026-04-08 13:32:57.140,1.1,,14.136667,40.8225,Campi Flegrei,45537492,2026,4,2026-04-08,44.66835921509632,535.9968863367047,-0.016467828389458712,0
2026-04-08 14:48:57.299,3.4,,14.132833,40.824167,Campi Flegrei,45537922,2026,4,2026-04-08,125892.5411794166,208.89985525078984,-0.3044579856621274,0
2026-04-08 14:51:19.369,1.1,,14.134833,40.823667,Campi Flegrei,45538022,2026,4,2026-04-08,44.66835921509632,3339.589846463304,2.4519348190908037,1
2026-04-09 01:43:58.039,1.3,,14.1375,40.821667,Campi Flegrei,45540192,2026,4,2026-04-09,89.12509381337459,80.05042637722151,-0.41790251055616684,0
2026-04-09 19:20:57.089,1.3,,14.1275,40.832667,Campi Flegrei,45547622,2026,4,2026-04-09,89.12509381337459,38.04861410207248,-0.45488269494579564,0
2026-04-13 21:12:54.710,1.9,,14.114667,40.838667,Campi Flegrei,45577862,2026,4,2026-04-13,707.9457843841374,12.55475091632477,-0.47732857788144034,0
2026-04-14 19:18:14.450,1.0,,14.146833,40.8365,Campi Flegrei,45582652,2026,4,2026-04-14,31.622776601683796,14.897779205069005,-0.4752656759861537,0
2026-04-17 02:05:02.319,1.6,,14.147,40.822833,Campi Flegrei,45599912,2026,4,2026-04-17,251.18864315095823,10.522155391179778,-0.47911816155028286,0
2026-04-20 08:57:19.779,1.0,,14.131667,40.833833,Campi Flegrei,45625552,2026,4,2026-04-20,31.622776601683796,8.68790813103457,-0.48073311095894156,0
2026-04-25 02:47:05.210,1.8,,14.138,40.820833,Campi Flegrei,45668002,2026,4,2026-04-25,501.18723362727246,6.965701649189441,-0.48224941489455353,0
2026-04-27 10:42:07.160,1.1,,14.139167,40.828167,Campi Flegrei,45691952,2026,4,2026-04-27,44.66835921509632,7.450858141914192,-0.48182226245548126,0
2026-05-05 23:26:49.519,1.9,,14.120667,40.836667,Campi Flegrei,45769772,2026,5,2026-05-05,707.9457843841374,5.398031738468044,-0.48362965825121584,0
2026-05-06 14:32:39.880,1.5,,14.124,40.8005,Campi Flegrei,45776472,2026,5,2026-05-06,177.82794100389228,11.035900988286366,-0.4786658380460992,0
2026-05-06 14:33:06.680,1.0,,14.124167,40.797333,Campi Flegrei,45776522,2026,5,2026-05-06,31.622776601683796,554.2330671454336,-0.00041191812416745485,0
2026-05-09 13:37:01.130,1.0,,14.084333,40.8025,Campi Flegrei,45799352,2026,5,2026-05-09,31.622776601683796,6.674381447785922,-0.48250590560723405,0
2026-05-09 18:37:28.250,1.4,,14.120333,40.801333,Campi Flegrei,45801502,2026,5,2026-05-09,125.8925411794166,14.955685232881,-0.47521469305304287,0
2026-05-11 18:59:33.000,1.2,,14.125833,40.821833,Campi Flegrei,45823392,2026,5,2026-05-11,63.0957344480193,7.065693424085973,-0.48216137787727203,0
2026-05-12 00:11:19.900,1.8,,14.142667,40.816833,Campi Flegrei,45825532,2026,5,2026-05-12,501.18723362727246,16.715513629606363,-0.47366526518124813,0
2026-05-12 14:06:11.230,2.6,,14.1065,40.839667,Campi Flegrei,45838302,2026,5,2026-05-12,7943.282347242822,14.269108378474298,-0.4758191845570591,0
2026-05-14 16:38:04.549,1.0,,14.125,40.8315,Campi Flegrei,45861022,2026,5,2026-05-14,31.622776601683796,9.699996115501817,-0.4798420255924591,0
2026-05-15 05:30:51.849,1.0,,14.114667,40.839,Campi Flegrei,45873972,2026,5,2026-05-15,31.622776601683796,11.4564069450702,-0.47829560669234394,0
2026-05-16 01:58:40.990,1.0,,14.117167,40.798333,Campi Flegrei,45883792,2026,5,2026-05-16,31.622776601683796,10.140218314472927,-0.47945443521936487,0
2026-05-17 22:57:34.619,2.3,,14.137333,40.828,Campi Flegrei,45900972,2026,5,2026-05-17,2818.382931264452,7.769715299331847,-0.48154152703392333,0
2026-05-17 23:58:06.930,1.3,,14.118833,40.832833,Campi Flegrei,45901232,2026,5,2026-05-17,89.12509381337459,180.81228729379924,-0.32918747674459414,0
2026-05-19 05:58:03.670,1.0,,14.139,40.8275,Campi Flegrei,45911592,2026,5,2026-05-19,31.622776601683796,11.75977991989411,-0.47802850420461496,0
2026-05-21 00:17:55.470,1.3,,14.111833,40.8025,Campi Flegrei,45926592,2026,5,2026-05-21,89.12509381337459,8.451661625270955,-0.48094111244438487,0
2026-05-21 03:50:52.069,4.4,,14.106167,40.806,Campi Flegrei,45927482,2026,5,2026-05-21,3981071.7055349774,25.05435858797063,-0.46632339092742475,0
2026-05-21 03:53:46.250,1.2,,14.101833,40.7995,Campi Flegrei,45927692,2026,5,2026-05-21,63.0957344480193,8232.949921629443,6.760257438102118,1
2026-05-21 03:57:37.210,2.1,,14.105,40.803333,Campi Flegrei,45927742,2026,5,2026-05-21,1412.5375446227554,6788.138097625388,5.488183573527515,1
